#|Morning Prayer||Evening Prayer||||First Lesson|Second Lesson|First Lesson|Second Lesson
advent|1|Sunday|First Sunday in Advent|Isa 1:1-20, (21-31)|Matt 24:1-28|Isa 2:(1-9) 10-end|John 3:1-21
advent|1|Monday|Monday|Isa 3:1-15 (16-26)|Mark 1:1-20|Isa 4|Rev 6
advent|1|Tuesday|Tuesday|Isa 6|Mark 1:21-end|Isa 8:16―9:7|Rev 7
advent|1|Wednesday|Wednesday|Isa 9:8―10:4|Mark 2:1-22|Isa 10:5-23|Rev 8
advent|1|Thursday|Thursday|Isa 10:24-34, (& 11:1-10)|Mark 2:23―3:12|Isa 13:1―14:2|Rev 9
advent|1|Friday|Friday|Isa 14:3-27 (14:28-15:9)|Mark3.:3-end|Isa (16) 17|Rev 10
advent|1|Saturday|Saturday|Isa 18|Mark 4:1-20|Isa 19:1-17|Rev 11
advent|2|Sunday|Second Sunday in Advent|Isa 5:1-16|Matt 24:29-end|Isa 5:(17-30) 18-end|Luke 1:1-25
advent|2|Monday|Monday|Isa 19:18-end (& 20)|Mark 4:21-end|Isa 21:1-12 (13-17)|Rev 12
advent|2|Tuesday|Tuesday|Isa 22:1-14 (15-25)|Mark 5:1-20|Isa (23) 24|Rev 13
advent|2|Wednesday|Wednesday|Isa (27) 28:1-8 (9-end)|Mark 5:21-end|Isa 29:1-14|Rev 14
advent|2|Thursday|Thursday|Isa 29:15―30:18 (30.:9―31:9)|Mark 6:1-13|Isa 32 (33)|Rev 15
advent|2|Friday|Friday|Isa 34 (36)|Mark 6:14-29|Isa (37) 38|Rev 16
advent|2|Saturday|Saturday|Isa (39) 40.:2-end|Mark 6:30-end|Isa 41|Rev 17
advent|3|Sunday|Third Sunday in Advent|Isa 25:1-9 (10-12)|Matt 25:1-30|Isa 26:1-13 (14-end)|Matt 3
advent|3|Monday|Monday|Isa 42:1-17|Mark 7:1-23|Isa 42:18―43.:3|Rev 18
advent|3|Tuesday|Tuesday|Isa 43:14―44:5|Mark 7:24―8.:0|Isa 44:6-23|Rev 19
advent|3|Wednesday|Wednesday Ember Day|Isa 44:24―45.:3|Mark 8:11―9:1|Isa 45:14-end|Rev 20
advent|3|Thursday|Thursday|Isa 46|Mark 9:2-32|Isa 47|Rev 21:1-14
advent|3|Friday|Friday Ember Day|Isa 48|Mark 9:33-end|Isa 49:1-13|Rev 21.:5―22:5
advent|3|Saturday|Saturday Ember Day|Isa 49:14-end|Mark 10:1-31|Isa 50|Rev 22:6-end
advent|4|Sunday|Fourth Sunday in Advent|Isa 35|Matt 25:31-end|Isa 40:1-11|Luke 1:26-45
advent|4|Monday|Monday|Isa 51:1-16|Mark 10:32-end|Isa 51:17―52.:2|Jude 1-16
advent|4|Tuesday|Tuesday|Isa 52:13―53 end|Mark 11:1-26|Isa 54|Jude 17-end
advent|4|Wednesday|Wednesday|Isa 56:1-8 (9-12)|Mark 11:27―12.:2|Isa 57:(1-14) 15-end|2 Pet 1
advent|4|Thursday|Thursday|Isa 59|Mark 12:13-34|Isa 60:1-7|2 Pet 2
advent|4|Friday|Friday|Isa 60:8-end|Mark 12:35―13.:3|Isa 61|2 Pet 3
advent|4|Saturday|Saturday|Isa 62|Mark 13:14-end|Zech 2:10-end|Heb 2:10-18
#|christmas||Christmas Eve|Isa 62|Mark 13:14-end|Zech 2:10-end|Heb 2:10-18
#|christmas||Christmas Day|Isa 9:2-7|Matt 1:(1-17) 18-25|Isa 7:10-14 (15-25)|1 John 4:7-end
#|christmas||St Stephen|Gen 4:1-10|Acts 6|2 Chron 24:15-22|Acts 7:59―8:8
#|christmas||St John Evangelist|Exod 33:9-end|John 13:21-35|Isa 6:1-8|1 John 5:1-12
#|christmas||Holy Innocents|Baruch 4:21-27|Rev 6:9-11|Jer 31:1-17|Matt 18:1-10
#|christmas||* First Sunday of Christmas|Isa 41:8-20|Col 1:1-20|Isa 55|Luke 2:22-40||12/29/16|Ruth 1:1-18|John 1:14-18|Ruth 1:19―2.:3|Matt 11:2-6
#|christmas||30|Ruth 2:14-end|John 3:16-21|Ruth 3|Matt 16:13-20
#|christmas||31|Ruth 4:1-17 (18-21)|John 6:41-58|Mic 4:8―5:4|Luke 22:24-30
#|christmas||Octave Day of Christmas|Gen 17:1-13|Rom 2:17-end|Deut 30|Col 2:8-15
#|christmas||Second Sunday of Christmas|Isa 41:21-end|1 John 1:1―2:6|Isa 55|Luke 2:22-40
#|christmas||01/02/16|Isa 63:1-6|Matt 1:18-end|Isa 63:7-end|1 Thess 1
#|christmas||3|Isa 64|Matt 2:19-end|Isa 65:1-16|1 Thess 2:1-16
#|christmas||4|Isa 65:17-end|Matt 3:1―4.:1|Isa 66:1-9|1 Thess 2:17―3 end
#|christmas||5|Isa 66:10-end|Matt 4:12―5.:6|Isa 60:1-7|Rom 15:8-21
#|epiphany||Epiphany|Isa 49:1-13|Luke 3:15-22 (23-28)|Isa 60:9-end|John 2:1-11
#|epiphany||Weekdays between Epiphany and the First Sunday after Epiphany||||
#|epiphany||Monday|Amos 1|Matt 5:17-end|Amos 2|1 Thess 4:1-12
#|epiphany||Tuesday|Amos 3|Matt 6:1-18|Amos 4|1 Thess 4:13―5.:1
#|epiphany||Wednesday|Amos 5|Matt 6:19-end|Amos 6|1 Thess 5:12-end
#|epiphany||Thursday|Amos 7|Matt 7|Amos 8|2 Thess 1
#|epiphany||Friday|Amos 9|Matt 8:1-17|Mic 1|2 Thess 2
#|epiphany||Saturday|Mic 2|Matt 8:18-end|Mic 3|2 Thess 3
epiphany|1|Sunday|First Sunday of Epiphany|Isa 42:1-12|John 4:1-26 (27-42)|Isa 61|Matt 2
epiphany|1|Monday|Monday|Mic 4:1―5:1|Matt 9:1-17|Mic 5:2-end|Gal 1
epiphany|1|Tuesday|Tuesday|Mic 6|Matt 9:18-34|Mic 7|Gal 2
epiphany|1|Wednesday|Wednesday|Hos 1|Matt 9:35―10.:3|Hos 2:1-13|Gal 3
epiphany|1|Thursday|Thursday|Hos 2:14―3 end|Matt 10:24-end|Hos 4:1-11 (12-19)|Gal 4:1―5:1
epiphany|1|Friday|Friday|Hos 5:(1-7) 8―6:6 (7-11)|Matt 11|Hos (7) 8|Gal 5:2-end
epiphany|1|Saturday|Saturday|Hos 9|Matt 12:1-21|Hos 10|Gal 6
epiphany|2|Sunday|Second Sunday of Epiphany|Amos 3|John 6:22-40|Isa 44:6-23|Mark 1:35-end
epiphany|2|Monday|Monday|Hos 11|Matt 12:22-end|Hos 12|1 Cor 1:1-25
epiphany|2|Tuesday|Tuesday|Hos 13:1-14 (15-16)|Matt 13:1-23|Hos 14|1 Cor 1:26―2 end
epiphany|2|Wednesday|Wednesday|Zeph 1|Matt 13:24-43|Zeph 2|1 Cor 3
epiphany|2|Thursday|Thursday|Zeph 3|Matt 13:44-end|Nahum 1|1 Cor 4:1-17
epiphany|2|Friday|Friday|Nahum 2|Matt 14|Nahum 3|1 Cor 4:18―5 end
epiphany|2|Saturday|Saturday|Hab 1|Matt 15:1-28|Hab 2|1 Cor 6
epiphany|3|Sunday|Third Sunday of Epiphany|Amos 5:6-24|John 6:41-end|Isa 46:3-end|Mark 7:24-end
epiphany|3|Monday|Monday|Hab 3|1 Cor 7|Mal 1|1 Cor 8
epiphany|3|Tuesday|Tuesday|Mal 2:1-16|1 Cor 9|Mal 2:17―3.:2|1 Cor 10:1―11:1
epiphany|3|Wednesday|Wednesday|Mal 3:13-4 end|1 Cor 11:2-end|Obadiah|1 Cor 12:1-27
epiphany|3|Thursday|Thursday|Joel 1|1 Cor 12:27―13 end|Joel 2:1-14|1 Cor 14:1-19
epiphany|3|Friday|Friday|Joel 2:15-end|1 Cor 14:20-end|Joel 3|1 Cor 15:1-34
epiphany|3|Saturday|Saturday|Jonah 1 & 2|1 Cor 15:35-end|Jonah 3 & 4|1 Cor 16
epiphany|4|Sunday|Fourth Sunday of Epiphany|Amos 7|John 7:53―8.:1|Isa 54:1-14|Luke 13:1-17
epiphany|4|Monday|Monday|Jer 1:(1-10) 11-end|2 Cor 1:1―2.:1|Jer 2:1-13 (2.14―3.25)|2 Cor 2 12―3 end
epiphany|4|Tuesday|Tuesday|Jer 4:1-18 (19-31)|2 Cor 4|Jer 5:1-19|2 Cor 5
epiphany|4|Wednesday|Wednesday|Jer 5:20-end|2 Cor 5:20―7:1|Jer 6:1-21 (22-30)|2 Cor 7:2-end
epiphany|4|Thursday|Thursday|Jer 7:1-28 (29-34)|2 Cor 8|Jer 8|2 Cor 9
epiphany|4|Friday|Friday|Jer 9:1-24 (9.25―10.25)|2 Cor 10|Jer 11 (12)|2 Cor 11
epiphany|4|Saturday|Saturday|Jer (13) 14|2 Cor 12:1-13|Jer 15 (16)|2 Cor 12:14―13 end
epiphany|5|Sunday|Fifth Sunday of Epiphany|Amos 8:4-end|John 7:14-36|Isa 60|Mark 2:1-12
epiphany|5|Monday|Monday|Jer 17:1-18|Acts 15:1-29|Jer 17:19-end|Acts 15:30―16:5
epiphany|5|Tuesday|Tuesday|Jer 18:1-17 (18-23)|Acts 16:6-end|Jer 20|Acts 17:1-15
epiphany|5|Wednesday|Wednesday|Jer 23:9-32 (33-40)|Acts 17:16-end|Jer 30:1-22 (23-24)|Acts 18:1-23
epiphany|5|Thursday|Thursday|Jer 31:1-20 (21-22)|Acts 18:24―19:7|Jer 31:23-end|Acts 19:8-20
epiphany|5|Friday|Friday|Jer 33:1-13|Acts 19:21-end|Jer 33:14-end|Acts 20:1-16
epiphany|5|Saturday|Saturday|Jer 35:1-11|Acts 20:17-end|Jer 35:12-end|Acts 21:1-16
epiphany|6|Sunday|Sixth Sunday of Epiphany|Amos 9:5-end|John 7:37-52|Isa 64|Luke 7:1-10
epiphany|6|Monday|Monday|Tobit 4:5-19|Acts 21:17-36|Tobit 13|Acts 21:37―22.:2
epiphany|6|Tuesday|Tuesday|Baruch 1:15―2.:0|Acts 22:23―23.:1|Baruch 2:11-end|Acts 23:12-end
epiphany|6|W|W,|Baruch 3:1-9|Acts 24:1-23|Baruch 3:9-end|Acts 24:24―25.:2
epiphany|6|Thursday|Thursday|Baruch 4:21-30|Acts 25:13-end|Baruch 4:36―5 end|Acts 26
epiphany|6|Friday|Friday|2 Macc 4:7-17|Acts 27:1-26|2 Macc 6:12-end|Acts 27:27-end
epiphany|6|Saturday|Saturday|2 Macc 7:1-19|Acts 28:1-15|2 Macc 7:20-41|Acts 28:16-end
epiphany|7|Sunday|Seventh Sunday of Epiphany|Gen 1:1―2:3|John 1:1-18|Gen 2:4-end|Mark 10:1-16
epiphany|7|Monday|Monday|Gen 3|Matt 15:29―16.:2|Gen 4:1-16|Rom 1
epiphany|7|Tuesday|Tuesday|Gen 6|Matt16.:3-end|Gen 7|Rom 2
epiphany|7|Wednesday|Wednesday|Gen 8:1-14|Matt17:1-23|Gen 8:15―9.:7 (18-29)|Rom 3
epiphany|7|Thursday|Thursday|Gen 11:1-9, 27―12.:0 (11-20)|Matt17.:4―18.:4|Gen 13|Rom 4
epiphany|7|Friday|Friday|Gen 14|Matt18.:5-end|Gen 15|Rom 5
epiphany|7|Saturday|Saturday|Gen 16|Matt19:1-15|Gen 17:1-22 (23-27)|Rom 6
epiphany|8|Sunday|Eighth Sunday of Epiphany|Gen 3|1 Cor 10:1-13 (14-24)|Gen 4:1-15|Luke 10:25-37
epiphany|8|Monday|Monday|Gen 18|Matt 19:16-20.:6|Gen 19:1-3, 12-29|Rom 7
epiphany|8|Tuesday|Tuesday|Gen (20) 21|Matt 20:17-end|Gen 22:1-19|Rom 8:1-17
epiphany|8|Wednesday|Wednesday|Gen 23|Matt 21:1-22|Gen 24:1-28|Rom 8:18-end
epiphany|8|Thursday|Thursday|Gen 24:29-end|Matt 21:23-end|Gen 25:(1-6) 7-11, 19-end|Rom 9
epiphany|8|Friday|Friday|Gen 26:1-5, (6-11) 12-end|Matt 22:1-33|Gen 27:1-40|Rom 10
epiphany|8|Saturday|Saturday|Gen 27:41―28 end|Matt22.:4-23.:2|Gen 29:1-20 (29.21―30.43)|Rom 11
epiphany|9|Sunday|The Last Sunday of Epiphany [Transfiguration]|Gen 12:1-9|1 Cor 12:4-end|Gen 6:5-end|Luke 17:20-end
epiphany|9|Monday|Monday|Gen 31:1-21|Matt 23:13-end|Gen 31:22―32:2|Rom 12
epiphany|9|Tuesday|Tuesday|Gen 32:3-30 (31-32)|Matt 24:1-28|Gen 33 (34)|Rom 13
epiphany|9|Ash|Ash Wednesday|Isa 57:15-end|Mark 2:13-22|Isa 58|Heb 3:12―4.:3
epiphany|9|Thursday|Thursday|Gen 35:1-20 (21-29)|Matt 24:29-end|Gen 37 (38)|Rom 14
epiphany|9|Friday|Friday|Gen 39|Matt 25:1-30|Gen 40|Rom 15
epiphany|9|Saturday|Saturday|Gen 41:1-40|Matt 25:31-end|Gen 41:41-end|Rom 16
lent|1|Sunday|First Sunday in Lent|Gen 13|Matt 9:1-17|Gen 8|Mark 14:1-26
lent|1|Monday|Monday|Gen 42|Matt 26:1-30|Gen 43|Phil 1
lent|1|Tuesday|Tuesday|Gen 44|Matt 26:31-56|Gen 45:1-15|Phil 2
lent|1|Wednesday|Wednesday Ember Day|Gen 45:16―46:7|Matt 26:57-end|Gen 46:26―47.:2|Phil 3
lent|1|Thursday|Thursday|Gen 47:13-end|Matt 27:1-26|Gen 48|Phil 4
lent|1|Friday|Friday Ember Day|Gen 49:1-32|Matt 27:27-56|Gen 49:33―50 end|Col 1:1-20
lent|1|Saturday|Saturday Ember Day|Exod 1:1-14, (15-21), 22―2.:0|Matt 27:57―28 end|Exod 2:11-22|Col 1:21―2:7
lent|2|Sunday|Second Sunday in Lent|Gen 18:1-15|Luke 15:11-end|Gen 9:1-17 (& 11:1-9)|Mark 14:27-52
lent|2|Monday|Monday|Exod 2:23―3 end|John 1:1-28|Exod 4:1-23 (24-26)|Col 2:8―3.:1
lent|2|Tuesday|Tuesday|Exod 4:27―6:1|John 1:29-end|Exod 6:2-13 (14-30) & 7:1-7|Col 3:12―4:1
lent|2|Wednesday|Wednesday|Exod 7:8-end|John 2|Exod 8:1-19|Col 4:2-end
lent|2|Thursday|Thursday|Exod 8:20―9.:2|John 3:1-21|Exod 9:13-end|Philemon
lent|2|Friday|Friday|Exod 10:1-20|John 3:22-end|Exod 10:21―11 end|Eph 1
lent|2|Saturday|Saturday|Exod 12:1-20|John 4:1-26|Exod 12:21-36|Eph 2
lent|3|Sunday|Third Sunday in Lent|Gen 18:16-end|Luke 18:1-14|Gen 24:1-28|Mark 14:53-end
lent|3|Monday|Monday|Exod 12:37-end|John 4:27-end|Exod 13:1-16|Eph 3
lent|3|Tuesday|Tuesday|Exod 13:17―14.:4|John 5:1-23|Exod 14:15-end|Eph 4:1-16
lent|3|Wednesday|Wednesday|Exod 15:1-26|John 5:24-end|Exod 15:27―16.:6|Eph 4:17-30
lent|3|Thursday|Thursday|Exod 17|John 6:1-21|Exod 18|Eph 4:31―5.:1
lent|3|Friday|Friday|Exod 19|John 6:22-40|Exod 20:1-21 (20.22―21.36)|Eph 5:22―6:9
lent|3|Saturday|Saturday|Exod 22:(1-19) 20―23.:7|John 6:41-end|Exod 23:(1-17) 18-end|Eph 6:10-end
lent|4|Sunday|Fourth Sunday in Lent|Exod 1:8-14, 22―2.:0|Luke 18:35―19.:0|Gen 24:29-end|Mark 15:1-21
lent|4|Monday|Monday|Exod 24|John 7:1-24|Exod 25:1-22 (25.23―26.37)|1 Tim 1:1-17
lent|4|Tuesday|Tuesday|Exod (27) 28:1-4, (5-28) 29-43|John 7:25-end|Exod 29:(1-37) 38―30.16 (17-38)|1 Tim 1:18―2 end
lent|4|Wednesday|Wednesday|Exod (31) 32|John 8:1-30|Exod 33, 34|1 Tim 3
lent|4|Thursday|Thursday|Exod 35 (36)|John 8:31-end|Exod (37) 38|1 Tim 4
lent|4|Friday|Friday|Exod (39) 40. (1-16) 17-end|John 9|Lev 6:8-end|1 Tim 5
lent|4|Saturday|Saturday|Lev 19:1-18, 30- end|John 10:1-21|Lev 25:1-24|1 Tim 6
lent|5|Sunday|Fifth Sunday in Lent [Passion]|Exod 2:23―3.:0|Mark 10:32-45|Exod 6:2-13|Mark 15:22-39
lent|5|Monday|Monday|Num 6|John 10:22-end|Num 9:15-end & 10.:9-end|Titus 1:1―2:8
lent|5|Tuesday|Tuesday|Num 11:10-33|John 11:1-44|Num 12|Titus 2:9―3 end
lent|5|Wednesday|Wednesday|Num 13:1-3,17- end|John 11:45-end|Num 14:1-25|2 Tim 1
lent|5|Thursday|Thursday|Num 16:1-35|John 12:1-19|Num 16:36―17 end|2 Tim 2
lent|5|Friday|Friday|Num 20|John 12:20-end|Num 22:1-35|2 Tim 3
lent|5|Saturday|Saturday|Num 22:36―23.:6|John 13|Num 23:27―24 end|2 Tim 4
lent|6|Sunday|Palm Sunday|Exod 11|Matt 26|Isa 52:13―53 end|Luke 19:29-end
lent|6|Monday|Monday in Holy Week|Hos 13:1-14|John 14:1-14|Hos 14|John 14:15-end
lent|6|Tuesday|Tuesday in Holy Week|Isa 42:1-9|John 15:1-16|Wisd 2:1 & 12-end|John 15:17-end
lent|6|Wednesday|Wednesday in Holy Week|Num 21:4-9|John 16:1-15|Lev 16:2-24|John 16:16-end
lent|6|Thursday|Maundy Thursday|Lam 1:1-14 |John 17|Lam 3:1-33 |John 13:1-35
lent|6|Friday|Good Friday|Gen 22:1-18|John 18:1-32|Isa 50:4-10|John 19:38-end
lent|6|Saturday|Holy Saturday|Zech 9:9-12|1 Pet 2:11-end|Job 19:21-27|John 2:13-22
easter|1|Sunday|Easter Day|Exod 12:1-14|Rev 1:4-18|Exod 14:5-end|John 20:11-23
easter|1|Monday|Monday of Easter Week|Exod 15:1-18|Luke 24:1-12|Song of Solomon 1:1―2:7|Rev 7:9-end
easter|1|Tuesday|Tuesday of Easter Week|Isa 25:1-9|1 Pet 1:1-12|Song of Solomon 2:8-end|Matt 28:1-10
easter|1|Wednesday|Wednesday of Easter Week|Isa 61|1 Pet 1:13-end|Song of Solomon 3:1―4.:6a|John 21:1-14
easter|1|Thursday|Thursday of Easter Week|Job 14:1-15|1 Thess 4:13-end|Song of Solomon 4:16b―5 end|Mark 5:21-end
easter|1|Friday|Friday of Easter Week|Zeph 3:14-end|Acts 17:16-31|Song of Solomon 6:1―7.:0|Luke 7:11-17
easter|1|Saturday|Saturday of Easter Week|Jer 31:1-14|Acts 26:1-23|Song of Solomon 7:11―8 end|John 11:17-44
easter|2|Sunday|Second Sunday of Easter|Ezek 37:1-14|Luke 24:13-35|Exod 15:1-18|John 20:24-end
easter|2|Monday|Monday|Deut 1:(1-2) 3-18|Acts 1:1-14|Deut 1:19-end|Acts 1:15-end
easter|2|Tuesday|Tuesday|Deut 2:1-25|Acts 2:1-21|Deut 2:26―3:5|Acts 2:22-end
easter|2|Wednesday|Wednesday|Deut 3:(6-17) 18-end|Acts 3:1―4:4|Deut 4:1-24|Acts 4:5-31
easter|2|Thursday|Thursday|Deut 4:41-end|Acts 4:32―5.:1|Deut 5:1-21|Acts 5:12-end
easter|2|Friday|Friday|Deut 5:22-end|Acts 6:1-7, 16|Deut 6|Acts 7:17-34
easter|2|Saturday|Saturday|Deut 7:1-11|Acts 7:35―8:4|Deut 7:12-end|Acts 8:4-25
easter|3|Sunday|Third Sunday of Easter|Num 13:1, 2, 17- end|Mark 5:21-end|Deut 4:25-40|John 21:1-14
easter|3|Monday|Monday|Deut 8|Acts 8:26-end|Deut 9:1-10|Acts 9:1-31
easter|3|Tuesday|Tuesday|Deut 9:11-end|Acts 9:32-end|Deut 10|Acts 10:1-23
easter|3|Wednesday|Wednesday|Deut 11:1-12|Acts 10:24-end|Deut 11:13-end|Acts 11:1-18
easter|3|Thursday|Thursday|Deut 12:1-14 (15―13.18)|Acts 11:19-end|Deut (14) 15:1-18|Acts 12:1-24
easter|3|Friday|Friday|Deut 16:1-20|Acts 12:25―13.:2|Deut 17:(1-7) 8-end|Acts 13:13-43
easter|3|Saturday|Saturday|Deut 18:(1-8) 9-end|Acts 13:44―14:7|Deut 19 (20)|Acts 14:8-end
easter|4|Sunday|Fourth Sunday of Easter|Num 22:1-21|Luke 7:11-17|Deut 5:1-21|John 21:15-end
easter|4|Monday|Monday|Deut 21:(1-21) 22―22:8 (9-30)|Acts 15:1-21|Deut (23) 24. (1-4) 5-end|Acts 15:22-35
easter|4|Tuesday|Tuesday|Deut (25) 26|Acts 15:36-16:5|Deut (27) 28. (1-57) 58-end|Acts 16:6-end
easter|4|Wednesday|Wednesday|Deut 29:(1-9) 10-end|Acts 17:1-15|Deut 30|Acts 17:16-end
easter|4|Thursday|Thursday|Deut 31:1-13|Acts 18:1-23|Deut 31:14-29|Acts 18:24-19:7
easter|4|Friday|Friday|Deut 31:30―32.:4|Acts 19:8-20|Deut 32:15-47|Acts 19:21-end
easter|4|Saturday|Saturday|Deut 33|Acts 20:1-16|Deut 32:48-end & 34|Acts 20:17-end
easter|5|Sunday|Fifth Sunday of Easter|Num 22:36―23.:2|John 11:1-44|Exod 35:30―36:7|Luke 16:19-end
easter|5|Monday|Monday|Joshua 1|Acts 21:1-16|Joshua 2|Acts 21:17-36
easter|5|Tuesday|Tuesday|Joshua 3|Acts 21:37―22.:2|Joshua 4:1―5:1|Acts 22:23―23.:1
easter|5|Wednesday|Wednesday|Joshua 5:13―6.:0|Acts 23:12-end|Joshua 7|Acts 24:1-23
easter|5|Thursday|Thursday|Joshua 9:3-end|Acts 24:24―25.:2|Joshua 10:1-15|Acts 25:13-end
easter|5|Friday|Friday|Joshua 21:43―22:8|Acts 26|Joshua 22:9-end|Acts 27
easter|5|Saturday|Saturday|Joshua 23|Acts 28:1-15|Joshua 24:1-28|Acts 28:16-end
easter|6|Sunday|Sixth Sunday of Easter [Rogation]|Num 24:1-19|Rom 6:1-14|Deut 6|Luke 10:38―11.:3
easter|6|Monday|Monday Rogation Days|Deut 7:6-13|Matt 6:5-18|Deut 8|Matt 6:19-end
easter|6|Tuesday|Tuesday Rogation Days|Deut 11:8-21|Luke 5:1-11|1 Kings 8:22-43|Jas 5:1-18
easter|6|Wednesday|Wednesday Rogation Days|Joel 2:21-27|John 6:22-40|Song of Three Children 29-37|Matt 28:16-end
easter|6|Thursday|Thursday Ascension Day|2 Kings 2:1-15|John 17|Dan 7:9, 10, 13, 14|Heb 1
easter|6|Friday|Friday|Judges 2:6-end|Heb 2|Judges 3:12-end|Heb 3
easter|6|Saturday|Saturday|Judges 4|Heb 4:1-13|Judges 5|Heb 4:14―5.:0
easter|7|Sunday|Sunday after Ascension Day|Isa 65:17-end|Luke 24:36-end|Jer 31:1-13|Eph 5:1-14
easter|7|Monday|Monday|Judges 6:1-35|Heb 5:11―6 end|Judges 6:36―7.:3|Heb 7
easter|7|Tuesday|Tuesday|Judges 7:24―8.:8|Heb 8|Judges 8:32―9.:4|Heb 9:1-14
easter|7|Wednesday|Wednesday|Judges 9:26-end|Heb 9:15-end|Judges 10:17―11.:8|Heb 10:1-18
easter|7|Thursday|Thursday|Judges 11:29―12:7|Heb 10:19-end|Judges 13|Heb 11
easter|7|Friday|Friday|Judges 14|Heb 12:1-13|Judges 15:1―16:3|Heb 12:14-end
easter|7|Saturday|Saturday|Judges 16:4-end|Heb 13|Deut 16:9-12|Acts 18:24―19:7
proper|1|Sunday|Pentecost|Joel 2:28-end|Rom 8:1-17|Isa 11:1-9|Rom 8:18-end
proper|1|Monday|Monday|Ezek 11:14-20|Acts 2:12-36|Wisd 1:1-7|Acts 2:37-end
proper|1|Tuesday|Tuesday|Ezek 37:1-14|1 Cor 12:1-13|Wisd 7:15―8:1|1 Cor 12:27―13 end
proper|1|Wednesday|Wednesday Ember Day|1 Kings 19:1-18|1 Cor 2|Wisd 9|1 Cor 3
proper|1|Thursday|Thursday|2 Sam 23:1-5|Eph 6:10-20|Exod 35:30―36:1|Gal 5:13-end
proper|1|Friday|Friday Ember Day|Num 11:16, 17, 24-29|2 Cor 5:14―6.:0|Jer 31:31-34|2 Cor 3
proper|1|Saturday|Saturday Ember Day|Num 27:15-end|Matt 9:35―10.:0|Isa 61|2 Tim 1:3-14
proper|2|Sunday|Trinity Sunday|Isa 6:1-8|Mark 1:1-13|Isa 40:12-end|1 Pet 1:1-12
proper|2|Monday|Monday|Job 1|Jas 1|Job 2|Mark 1:14-31
proper|2|Tuesday|Tuesday|Job 3|Jas 2:1-13|Job 4|Mark 1:32-end
proper|2|Wednesday|Wednesday|Job 5|Jas 2:14-end|Job 6|Mark 2:1-22
proper|2|Thursday|Thursday|Job 7|Jas 3|Job 8|Mark 2:23―3.:2
proper|2|Friday|Friday|Job 9|Jas 4|Job 10|Mark 3:13-end
proper|2|Saturday|Saturday|Job 11|Jas 5|Job 12|Mark 4:1-34
proper|3|Sunday|Sunday closest to May 25|Joshua 1:1-9|Mark 1:21-34|1 Sam 9:1―10:1|Acts 1:1-14
proper|3|Monday|Monday|Job 13|1 Pet 1:1-21|Job 14|Mark 4:35―5.:0
proper|3|Tuesday|Tuesday|Job 15:1-16 (17-35)|1 Pet 1:22―2.:0|Job 16:1―17:2|Mark 5:21-end
proper|3|Wednesday|Wednesday|Job 17:3-end|1 Pet 2:11―3:7|Job 18|Mark 6:1-29
proper|3|Thursday|Thursday|Job 19 (20)|1 Pet 3:8―4:6|Job 21|Mark 6:30-end
proper|3|Friday|Friday|Job 22|1 Pet 4:7-end|Job 23|Mark 1:1-23
proper|3|Saturday|Saturday|Job 24|1 Pet 5|Job 25 & 26|Mark 7:24―8.:0
proper|4|Sunday|Sunday closest to June 1|Joshua 2|Mark 2:23―3.:9|1 Sam 16:1-13|Acts 2:1-21
proper|4|Monday|Monday|Job 27|2 Pet 1|Job 28|Mark 8:11―9:1
proper|4|Tuesday|Tuesday|Job 29:1―30:1 (2-31)|2 Pet 2|Job 31:(1-12) 13-end|Mark 9:2-29
proper|4|Wednesday|Wednesday|Job 32 & 33|2 Pet 3|Job 34 (35)|Mark 9:30-end
proper|4|Thursday|Thursday|Job 36 (37)|Jude|Job 38|Mark 10:1-31
proper|4|Friday|Friday|Job 39|1 John 1:1―2:6|Job 40|Mark 10:32-end
proper|4|Saturday|Saturday|Job 41|1 John 2:7-end|Job 42|Mark 11:1-26
proper|5|Sunday|Sunday closest to June 8|Joshua 3|Mark 3:20-end|1 Sam 17:1-11, 32-51|Acts 2:22-42 (43-end)
proper|5|Monday|Monday|Prov 1:1-19|1 John 3:1-12|Prov 1:20-end|Mark 11:27―12.:2
proper|5|Tuesday|Tuesday|Prov 2|1 John 3:13―4:6|Prov 3:1-26|Mark 12:13-34
proper|5|Wednesday|Wednesday|Prov 3:27―4.:9|1 John 4:7-end|Prov 4:20―5.:4 (15-23)|Mark 12:35―13.:3
proper|5|Thursday|Thursday|Prov 6:1-19 (20-35)|1 John 5|Prov (7) 8|Mark 13:14-end
proper|5|Friday|Friday|Prov 9|2 John|Prov 10:1-22|Mark 14:1-26
proper|5|Saturday|Saturday|Prov 11:1-25|3 John|Prov 12:10-end|Mark 14:27-52
proper|6|Sunday|Sunday closest to June 15|Joshua 5:13―6.:0|Mark 4:21-end|1 Sam 18:1-16|Acts 3:1-16 (17-end)
proper|6|Monday|Monday|Prov 14:9-27|Rom 1|Prov 15:18-end|Mark 14:53-end
proper|6|Tuesday|Tuesday|Prov 16:31―17.:7|Rom 2:1-16|Prov 18:10-end|Mark 15:1-41
proper|6|Wednesday|Wednesday|Prov 20:1-22|Rom 2:17-end|Prov 22:1-16|Mark 15:42―16 end
proper|6|Thursday|Thursday|Prov 24:23-end|Rom 3|Prov 25|Luke 1:1-23
proper|6|Friday|Friday|Prov 26:12-end|Rom 4|Prov 27:1-22|Luke 1:24-56
proper|6|Saturday|Saturday|Prov 30:1―31.9|Rom 5|Prov 31:10-end|Luke 1:57-end
proper|7|Sunday|Sunday closest to June 22|Joshua 24:1-5, 13-25|Mark 6:7-32|1 Sam 28:3-end|Acts 4:1-22 (23-31)
proper|7|Monday|Monday|1 Sam 1|Rom 6|1 Sam 2:1-21|Luke 2:1-21
proper|7|Tuesday|Tuesday|1 Sam 2:22-end|Rom 7|1 Sam 3|Luke 2:22-end
proper|7|Wednesday|Wednesday|1 Sam 4 (5)|Rom 8:1-17|1 Sam (6) 7|Luke 3:1-22
proper|7|Thursday|Thursday|1 Sam 8|Rom 8:18-end|1 Sam 9:1-25|Luke 4:1-30
proper|7|Friday|Friday|1 Sam 9:26―10.:6|Rom 9|1 Sam 10:17-end|Luke 4:31-end
proper|7|Saturday|Saturday|1 Sam 11|Rom 10|1 Sam 12|Luke 5:1-16
proper|8|Sunday|Sunday closest to June 29|Judges 5|Mark 6:53―7.:3|2 Sam 1|Acts 6
proper|8|Monday|Monday|1 Sam 13|Rom 11:1-24|1 Sam 14:1-23|Luke 5:17-end
proper|8|Tuesday|Tuesday|1 Sam 14:24-48 (49-52)|Rom 11:25-end|1 Sam 15|Luke 6:1-19
proper|8|Wednesday|Wednesday|1 Sam 16|Rom 12|1 Sam 17:1-30|Luke 6:20-38
proper|8|Thursday|Thursday|1 Sam 17:31-54|Rom 13|1 Sam 17:55―18.16 (17-30)|Luke 6:39―7.:0
proper|8|Friday|Friday|1 Sam 19|Rom 14|1 Sam 20:1-17|Luke 7:11-35
proper|8|Saturday|Saturday|1 Sam 20:18-end|Rom 15:1-13|1 Sam 21:1-22:5|Luke 7:36-end
proper|9|Sunday|Sunday closest to July 6|Judges 7:1-23|Mark 9:14-29|Jer 52:1-11 (12-34)|Acts 8:4-17
proper|9|Monday|Monday|1 Sam 22:6-end|Rom 15:14-end|1 Sam 23|Luke 8:1-21
proper|9|Tuesday|Tuesday|1 Sam 24|Rom 16|1 Sam 25:1-43|Luke 8:22-end
proper|9|Wednesday|Wednesday|1 Sam 26 (27)|1 Cor 1:1-25|1 Sam 28:(1-2) 3-end (& 29)|Luke 9:1-17
proper|9|Thursday|Thursday|1 Sam (30) 31|1 Cor 1:26―2 end|2 Sam 1|Luke 9:18-50
proper|9|Friday|Friday|2 Sam 2:1―3:1|1 Cor 3|2 Sam 3:(2-16) 17-end|Luke 9:51-end
proper|9|Saturday|Saturday|2 Sam (4) 5:1-12|1 Cor 4:1-17|2 Sam 6|Luke 10:1-24
proper|10|Sunday|Sunday closest to July 13|Judges 16:4-end|Mark 9:30-end|2 Sam 11|Acts 8:26-39
proper|10|Monday|Monday|2 Sam 7|1 Cor 4:18―5 end|2 Sam 8|Luke 10:25-end
proper|10|Tuesday|Tuesday|2 Sam 9|1 Cor 6|2 Sam 10|Luke 11:1-28
proper|10|Wednesday|Wednesday|2 Sam (12) 13. (1-37) 38―14.:4|1 Cor 7|2 Sam 14:25―15.:2|Luke 11:29-end
proper|10|Thursday|Thursday|2 Sam 15:13-end|1 Cor 8|2 Sam 16|Luke 12:1-34
proper|10|Friday|Friday|2 Sam 17:1-23|1 Cor 9|2 Sam 17:24―18.:8|Luke 12:35-53
proper|10|Saturday|Saturday|2 Sam 18:19-end|1 Cor 10:1―11:1|2 Sam 19|Luke 12:54―13:9
proper|11|Sunday|Sunday closest to July 20|1 Sam 1:1-20 (21-end)|Mark 10:17-31|2 Sam 12:1-23|Acts 11:1-18
proper|11|Monday|Monday|2 Sam 20 (21)|1 Cor 11:2-end|2 Sam (22) 23:1-17 (18-39)|Luke 13:10-end
proper|11|Tuesday|Tuesday|2 Sam 24|1 Cor 12:1-27|1 Kings 1:(1-4) 5-31|Luke 14:1-24
proper|11|Wednesday|Wednesday|1 Kings 1:32-end (& 2)|1 Cor 12:27―13 end|1 Chron 22:2-end|Luke 14:25―15.:0
proper|11|Thursday|Thursday|1 Chron 28:1―29:9|1 Cor 14:1-19|1 Chron 29:10-end|Luke 15:11-end
proper|11|Friday|Friday|1 Kings 3|1 Cor 14:20-end|1 Kings 4:(1-20) 21-end|Luke 16
proper|11|Saturday|Saturday|1 Kings 5|1 Cor 15:1-34|1 Kings 6:1-14 (15-38)|Luke 17:1-19
proper|12|Sunday|Sunday closest to July 27|1 Sam 3:1―4:1 a|Mark 12:18-end|Ezek 37:15-end|Acts 15:1-31
proper|12|Monday|Monday|1 Kings (7) 8:1-21|1 Cor 15:35-end|1 Kings 8:22-53|Luke 17:20-end
proper|12|Tuesday|Tuesday|1 Kings 8:54―9:9 (10-28)|1 Cor 16|1 Kings 10|Luke 18:1-30
proper|12|Wednesday|Wednesday|1 Kings 11:1-13, (14-25), 26-end|2 Cor 1:1-22|1 Kings 12:1-24|Luke 18:31―19.:0
proper|12|Thursday|Thursday|1 Kings 12:25―13.:0|2 Cor 1:23―2 end|1 Kings 13:11-end|Luke 19:11-28
proper|12|Friday|Friday|1 Kings 14:1-20 (21-31)|2 Cor 3|2 Chron 12|Luke 19:29-end
proper|12|Saturday|Saturday|2 Chron 13|2 Cor 4|2 Chron 14|Luke 20:1-26
proper|13|Sunday|Sunday closest to August 3|Hos 6:1-6|Luke 4:1-15|Zech 2|Matt 4:23―5.:0
proper|13|Monday|Monday|2 Chron 15|2 Cor 5|2 Chron 16|Luke 20:27―21:4
proper|13|Tuesday|Tuesday|1 Kings (15) 16. (1-14) 15-end|2 Cor 5:20―7:1|1 Kings 17|Luke 21:5-end
proper|13|Wednesday|Wednesday|1 Kings 18:1-16|2 Cor 7:2-end|1 Kings 18:17-end|Luke 22:1-38
proper|13|Thursday|Thursday|1 Kings 19 (20)|2 Cor 8|1 Kings 21|Luke 22:39-53
proper|13|Friday|Friday|1 Kings 22:1-40 (41-53)|2 Cor 9|2 Chron 20:1-30|Luke 22:54-end
proper|13|Saturday|Saturday|2 Kings 1|2 Cor 10|2 Kings 2:1-22 (23-25) (& 3)|Luke 23:1-25
proper|14|Sunday|Sunday closest to August 10|Jer 26:1-16|Luke 4:16-30|Jer 7:1-16|Matt 5:21-end
proper|14|Monday|Monday|2 Kings 4:1-37 (38-44)|2 Cor 11|2 Kings 5|Luke 23:26-49
proper|14|Tuesday|Tuesday|2 Kings 6:1-23|2 Cor 12:1-13|2 Kings 6:24―7:2|Luke 23:50―24.:2
proper|14|Wednesday|Wednesday|2 Kings 7:3-end|2 Cor 12:14―13 end|2 Kings 8:1-15 (16-29)|Luke 24:13-end
proper|14|Thursday|Thursday|2 Kings 9 (10)|Gal 1|2 Kings 11:1-20|John 1:1-28
proper|14|Friday|Friday|2 Kings 11:21―12 end|Gal 2|2 Kings 13|John 1:29-end
proper|14|Saturday|Saturday|2 Kings 14|Gal 3|2 Chron 26|John 2
proper|15|Sunday|Sunday closest to August 17|Hos 14|Luke 6:20-38|Ezra 1:1-8|Matt 6:1-18
proper|15|Monday|Monday|2 Kings 15:(1-16) 17-end|Gal 4:1―5:1|2 Kings 16|John 3:1-21
proper|15|Tuesday|Tuesday|Isa 7:1-17|Gal 5:2-end|Isa 8:1-18|John 3:22-end
proper|15|Wednesday|Wednesday|2 Kings 17:1-23|Gal 6|2 Kings 17:24-end|John 4:1-26
proper|15|Thursday|Thursday|2 Kings 18:1-8 (9-12)|Eph 1:1-14|2 Chron 30|John 4:27-end
proper|15|Friday|Friday|2 Kings 18:13-end|Eph 1:15-end|2 Kings 19|John 5:1-23
proper|15|Saturday|Saturday|2 Kings 20 (21)|Eph 2:1-10|2 Chron 33|John 5:24-end
proper|16|Sunday|Sunday closest to August 24|Joel 2:1-14|Luke 6:39-end|Dan 3|Matt 6:19-end
proper|16|Monday|Monday|2 Kings 22|Eph 2:11-end|2 Kings 23:1-20|John 6:1-21
proper|16|Tuesday|Tuesday|2 Kings 23:21-35|Eph 3|2 Kings 23:36―24.:7|John 6:22-40
proper|16|Wednesday|Wednesday|2 Kings 24:18―25:7|Eph 4:1-16|2 Kings 25:8-end|John 6:41-end
proper|16|Thursday|Thursday|Jer 19|Eph 4:17-30|Jer 21:1-10 (11-14)|John 7:1-24
proper|16|Friday|Friday|Jer 22:(1-19) 20―23:8 |Eph 4:31―5.:1|Jer 24|John 7:25-end
proper|16|Saturday|Saturday|Jer 25:1-14 (15-38)|Eph 5:22-end|Jer 27:2-end|John 8:1-30
proper|17|Sunday|Sunday closest to August 31|Ezek 11:14-20|Luke 7:36―8:3|Dan 5|Matt 7:1-14
proper|17|Monday|Monday|Jer 28|Eph 6:1-9|Jer 29:1-20|John 8:31-end
proper|17|Tuesday|Tuesday|Jer 32:1-15|Eph 6:10-end|Jer 32:16-35|John 9
proper|17|Wednesday|Wednesday|Jer 32:36-end|Phil 1:1-11|Jer 33:1-13|John 10:1-21
proper|17|Thursday|Thursday|Jer 33:14-end|Phil 1:12-end|Jer 34:(1-7) 8-end|John 10:22-end
proper|17|Friday|Friday|Jer (36) 37|Phil 2:1-11|Jer 38:1-13|John 11:1-44
proper|17|Saturday|Saturday|Jer 38:14-end (39)|Phil 2:12-end|Jer 40 (41)|John 11:45-end
proper|18|Sunday|Sunday closest to September 7|Ezek 18:1-4, 19- end|Luke 9:46-end|Dan 6:1-23 (24-28)|Matt 7:15-end
proper|18|Monday|Monday|Jer 42 (43)|Phil 3|Jer 44 (45)|John 12:1-19
proper|18|Tuesday|Tuesday|Jer 46 (47)|Phil 4|Jer 48 (49)|John 12:20-end
proper|18|Wednesday|Wednesday|Jer 50|Col 1:1-20|Jer 51|John 13
proper|18|Thursday|Thursday|Ezek 1:1-14|Col 1:21―2:7|Ezek 1:15-end|John 14
proper|18|Friday|Friday|Ezek 2|Col 2:8-19|Ezek 3:1-14|John 15
proper|18|Saturday|Saturday|Ezek 3:15-end|Col 2:20―3.:1|Ezek 8|John 16
proper|19|Sunday|Sunday closest to September 14|Ezek 33:1-11|Luke 10:1-24|Prov 1:20-end|Matt 11:2-19
proper|19|Monday|Monday|Ezek 9|Col 3:12―4:1|Ezek 11:1-13|John 17
proper|19|Tuesday|Tuesday|Ezek 12:1-16|Col 4:2-end|Ezek 12:17-end|John 18:1-27
proper|19|Wednesday|Wednesday|Ezek 13:1-16|Philemon|Ezek 14|John 18:28-end
proper|19|Thursday|Thursday|Ezek 17|1 Thess 1|Ezek 20:1-26|John 19:1-30
proper|19|Friday|Friday|Ezek 20:27-44|1 Thess 2:1-16|Ezek 22:23-end|John 19:31-end
proper|19|Saturday|Saturday|Ezek 24:15-end|1 Thess 2:17―3 end|Ezek 28:1-19|John 20
proper|20|Sunday|Sunday closest to September 21|Ezek 34:1-16|Luke 11:37-end|Prov 8:1-17|Matt 11:20-end
proper|20|Monday|Monday|Ezek 33:12-20|1 Thess 4:1-12|Ezek 33:21-end|John 21
proper|20|Tuesday|Tuesday|Ezek 34:17-end|1 Thess 4:13―5.:1|Ezek 36:22-end|Heb 1
proper|20|Wednesday|Wednesday|Ezek 37:1-14|1 Thess 5:12-end|Ezek 37:15-end|Heb 2
proper|20|Thursday|Thursday|Ezra 1 (2)|2 Thess 1|Ezra 3|Heb 3
proper|20|Friday|Friday|Ezra 4|2 Thess 2|Hag 1:1―2:9|Heb 4:1-13
proper|20|Saturday|Saturday|Zech 1:1-17|2 Thess 3|Zech 1:18―2 end|Heb 4:14―5.:0
proper|21|Sunday|Sunday closest to September 28|Prov 14:31―15.:7|Luke 12:1-21|Prov 8:1, 22-end|Matt 12:22-45
proper|21|Monday|Monday|Zech 3|1 Tim 1:1-17|Zech 4 (5)|Heb 5:11-6 end
proper|21|Tuesday|Tuesday|Zech 6|1 Tim 1:18-2 end|Zech 7 (8)|Heb 7
proper|21|Wednesday|Wednesday|Zech 9 (10)|1 Tim 3|Zech 11 (12)|Heb 8
proper|21|Thursday|Thursday|Zech 13 (14)|1 Tim 4|Hag 2:10-end|Heb 9:1-14
proper|21|Friday|Friday|Ezra 5|1 Tim 5|Ezra 6|Heb 9:15-end
proper|21|Saturday|Saturday|Ezra 7|1 Tim 6|Ezra 8:15-end|Heb 10:1-18
proper|22|Sunday|Sunday closest to October 5|Prov 31:10-end|Luke 12:22-34|Jonah 3 & 4|Matt 13:44-end
proper|22|Monday|Monday|Ezra 9|Titus 1:1―2:8|Ezra 10:1-19 |Heb 10:19-end
proper|22|Tuesday|Tuesday|Neh 1|Titus 2:9―3 end|Neh 2|Heb 11:1-16
proper|22|Wednesday|Wednesday|Neh 4|2 Tim 1|Neh 5|Heb 11:17-end
proper|22|Thursday|Thursday|Neh 6:1―7:4|2 Tim 2|Neh 8|Heb 12:1-13
proper|22|Friday|Friday|Neh 9:1-23|2 Tim 3|Neh 9:24-end|Heb 12:14-end
proper|22|Saturday|Saturday|Neh (12.:7-end) 13|2 Tim 4|Dan 1|Heb 13
proper|23|Sunday|Sunday closest to October 12|Wisd 2|Luke 12:35-end|Ecclus 4:11-28|Matt 14:13-33
proper|23|Monday|Monday|Dan 2:1-24|Jas 1:1-11|Dan 2:25-end|Jas 1:12-end
proper|23|Tuesday|Tuesday|Dan 4:1-18|Jas 2:1-13|Dan 4:19-end|Jas 2:14-end
proper|23|Wednesday|Wednesday|Dan 7:(1-8) 9-end (8)|Jas 3|Dan 9|Jas 4
proper|23|Thursday|Thursday|Dan 10 (11)|Jas 5|Dan 12|1 Pet 1:1-12
proper|23|Friday|Friday|Esther 1|1 Pet 1:13-end|Esther 2|1 Pet 2:1-10
proper|23|Saturday|Saturday|Esther 3|1 Pet 2:11―3:7|Esther 4 & 5|1 Pet 3:8-end
proper|24|Sunday|Sunday closest to October 19|Wisd 4:7-17|Luke 13:18-end|Ecclus 4:29―6:1|Matt 16:13-end
proper|24|Monday|Monday|Esther 6 & 7|1 Pet 4:1-11|Esther 8 (9 & 10)|1 Pet 4:12-end
proper|24|Tuesday|Tuesday|Eccles 1|1 Pet 5|Eccles 2:1-23 (24-26)|1 John 1:1―2:6
proper|24|Wednesday|Wednesday|Eccles 3|1 John 2:7-17|Eccles 4|1 John 2:18-end
proper|24|Thursday|Thursday|Eccles 5|1 John 3:1-18|Eccles 6:1―7.:4|1 John 3:19―4:6
proper|24|Friday|Friday|Eccles 7:15-end|1 John 4:7-end|Eccles 8|1 John 5
proper|24|Saturday|Saturday|Eccles 9 (10)|2 John|Eccles (11) 12|3 John
proper|25|Sunday|Sunday closest to October 26|Wisd 6:1-21|Luke 14:15-end|Ecclus 11:7-28|Matt 18:1-20
proper|25|Monday|Monday|1 Macc 1:1-19|Acts 1|1 Macc 1:20-40|Acts 2:1-21
proper|25|Tuesday|Tuesday|1 Macc 1:41-end|Acts 2:22-end|1 Macc 2:1-28|Acts 3:1―4:4
proper|25|Wednesday|Wednesday|1 Macc 2:29-48|Acts 4:5-31|1 Macc 2:49-end|Acts 4:32―5.:1
proper|25|Thursday|Thursday|1 Macc 3:1-26|Acts 5:12-end|1 Macc 3:27-41|Acts 6:1―7.:6
proper|25|Friday|Friday|1 Macc 4:1-25|Acts 7:17-34|1 Macc 4:26-35|Acts 7:35―8:4
proper|25|Saturday|Saturday|1 Macc 4:36-end|Acts 8:4-25|1 Macc 6:1-17|Acts 8:26-end
proper|26|Sunday|Sunday closest to November 2|Wisd 7:15―8:1|Luke 15:1-10|Ecclus 15:11-end|Matt 21:12-32
proper|26|Monday|Monday|1 Macc 6:18-47|Acts 9:1-31|1 Macc 6:48-end|Acts 9:32-end
proper|26|Tuesday|Tuesday|1 Macc 7:1-20|Acts 10:1-23|1 Macc 7:21-end|Acts 10:24-end
proper|26|Wednesday|Wednesday|1 Macc 9:1-22|Acts 11:1-18|1 Macc 13:41-end (14.1-15)|Acts 11:19-end
proper|26|Thursday|Thursday|Ecclus 1:1-10|Acts 12:1-24|Ecclus 1:1 1-end|Acts 12:25―13.:2
proper|26|Friday|Friday|Ecclus 2|Acts 13:13-43|Ecclus 6:14-31|Acts 13:44―14:7
proper|26|Saturday|Saturday|Ecclus 7:27-end|Acts 14:8-end|Ecclus 10:6-8, 12-24|Acts 15:1-21
proper|27|Sunday|Sunday closest to November 9|2 Esdras 16:53-67|Luke 17:1-10|Baruch 3:1-14|Matt 21:33-end
proper|27|Monday|Monday|Ecclus 14:20―15.:0|Acts 15:22-35|Ecclus 16:1-14|Acts 15:36―16:5
proper|27|Tuesday|Tuesday|Ecclus 16:17-end|Acts 16:6-end|Ecclus 17:1-24|Acts 17:1-15
proper|27|Wednesday|Wednesday|Ecclus 18:15-end|Acts 17:16-end|Ecclus 19:13-end|Acts 18:1-23
proper|27|Thursday|Thursday|Ecclus 20:1-20|Acts 18:24―19:7|Ecclus 20:21-end|Acts 19:8-20
proper|27|Friday|Friday|Ecclus 21:1-17|Acts 19:21-end|Ecclus 22:6-22|Acts 20:1-16
proper|27|Saturday|Saturday|Ecclus 22:27―23.:5|Acts 20:17-end|Ecclus 24:1-22|Acts 21:1-16
proper|28|Sunday|Sunday closest to November 16|Prayer of Manasses|Luke 20:1-19|Baruch 4:36―5 end|Matt 23:1-22
proper|28|Monday|Monday|Ecclus 24:23-end|Acts 21:17-36|Ecclus 31:1-11|Acts 21:37―22.:2
proper|28|Tuesday|Tuesday|Ecclus 34:9-end|Acts 22:23―23.:1|Ecclus 35|Acts 23:12-end
proper|28|Wednesday|Wednesday|Ecclus 37:1-15|Acts 24:1-23|Ecclus 38:1-14|Acts 24:24―25.:2
proper|28|Thursday|Thursday|Ecclus 39:1-11|Acts 25:13-end|Ecclus 39:13-end|Acts 26
proper|28|Friday|Friday|Ecclus 43:1-12|Acts 27:1-26|Ecclus 50:1-24|Acts 27:27-end
proper|28|Saturday|Saturday|Ecclus 51:1-12|Acts 28:1-15|Ecclus 51:13-end|Acts 28:16-end
proper|29|Sunday|Sunday closest to November 23|Eccles 11 & 12|Heb 11:1-16|Mal 3:13―4 end|Heb 11:17―12:2
proper|29|Monday|Monday|Wisd 1|Matt 5:1-16|Wisd 2|Rev 1
proper|29|Tuesday|Tuesday|Wisd 3:1-9|Matt 5:17-end|Wisd 4:7-end|Rev 2:1-17
proper|29|Wednesday|Wednesday|Wisd 5:1-16|Matt 6:1-18|Wisd 6:1-21|Rev 2:18―3:6
proper|29|Thursday|Thursday|Wisd 7:15―8:4|Matt 6:19-end|Wisd 8:5-18|Rev 3:7-end
proper|29|Friday|Friday|Wisd 8:21―9 end|Matt 7:1-14|Wisd 10:15―11.:0|Rev 4
proper|29|Saturday|Saturday|Wisd 11:21―12:2|Matt 7:15-end|Wisd 12:12-21|Rev 5
#|||||
#||he following Lessons may be used at the discretion of the Minister in place of the Lessons from the Apocrypha on Sundays from the Sunday nearest October 12th -Sunday nearest November 16th |||
#|||||
#|||MORNING PRAYER|EVENING PRAYER|
#||Sunday nearest October 12|Prov 2|Dan 1|
#||Sunday nearest October 19|Prov 9:1-11|Dan 2:1-23|
#||Sunday nearest October 26|Prov 16:9-20|Dan 2:24-45|
#||Sunday nearest November 2|Prov 25:11-end|Dan 9:1-19|
#||Sunday nearest November 9|Zech 1:7-end|Zech 9:9-12, 16|
#||Sunday nearest November 16|Zech 11|Zech 13|
