#| Week of 1 advent
advent|1|1|sunday|Sunday|146, 147|111, 112, 113|Isa. 1:1-9|2 Pet. 3:1-10|Matt. 25:1-13
advent|1|1|monday|Monday|1, 2, 3|4, 7|Isa. 1:10-20|1 Thess. 1:1-10|Luke 20:1-8
advent|1|1|tuesday|Tuesday|5, 6|10, 11|Isa. 1:21-31|1 Thess. 2:1-12|Luke 20:9-18
advent|1|1|wednesday|Wednesday|119:1-24|12, 13, 14|Isa. 2:1-11|1 Thess. 2:13-20|Luke 20:19-26
advent|1|1|thursday|Thursday|18:1-20|18:21-50|Isa. 2:12-22|1 Thess. 3:1-13|Luke 20:27-40
advent|1|1|friday|Friday|16, 17|22|Isa. 3:8-15|1 Thess. 4:1-12|Luke 20:41-21:4
advent|1|1|saturday|Saturday|20, 21:1-7(8-14)|110:1-5(6-7), 116, 117|Isa. 4:2-6|1 Thess. 4:13-18|Luke 21:5-19
#| Week of 2 advent
advent|2|1|sunday|Sunday|148, 149, 150|114, 115|Isa. 5:1-7|2 Pet. 3:11-18|Luke 7:28-35
advent|2|1|monday|Monday|25|9, 15|Isa. 5:8-12, 18-23|1 Thess. 5:1-11|Luke 21:20-28
advent|2|1|tuesday|Tuesday|26, 28|36, 39|Isa. 5:13-17, 24-25|1 Thess. 5:12-28|Luke 21:29-38
advent|2|1|wednesday|Wednesday|38|119:25-48|Isa. 6:1-13|2 Thess. 1:1-12|John 7:53—8:11
advent|2|1|thursday|Thursday|37:1-18|37:19-42|Isa. 7:1-9|2 Thess. 2:1-12|Luke 22:1-13
advent|2|1|friday|Friday|31|35|Isa. 7:10-25|2 Thess. 2:13—3:5|Luke 22:14-30
advent|2|1|saturday|Saturday|30, 32|42, 43|Isa. 8:1-15|2 Thess. 3:6-18|Luke 22:31-38
#| Office
#| Daily Office Year Two 937
#| Week of 1 advent
advent|1|2|sunday|Sunday|146, 147|111, 112, 113|Amos 1:1-5,13—2:8|1 Thess. 5:1-11|Luke 21:5-19
advent|1|2|monday|Monday|1, 2, 3|4, 7|Amos 2:6-16|2 Pet. 1:1-11|Matt. 21:1-11
advent|1|2|tuesday|Tuesday|5, 6|10, 11|Amos 3:1-11|2 Pet. 1:12-21|Matt. 21:12-22
advent|1|2|wednesday|Wednesday|119:1-24|12, 13, 14|Amos 3:12—4:5|2 Pet. 3:1-10|Matt. 21:23-32
advent|1|2|thursday|Thursday|18:1-20|18:21-50|Amos 4:6-13|2 Pet. 3:11-18|Matt. 21:33-46
advent|1|2|friday|Friday|16, 17|22|Amos 5:1-17|Jude 1-16|Matt. 22:1-14
advent|1|2|saturday|Saturday|20, 21:1-7(8-14)|110:1-5(6-7), 116, 117|Amos 5:18-27|Jude 17-25|Matt. 22:15-22
#| Week of 2 advent
advent|2|2|sunday|Sunday|148, 149, 150|114, 115|Amos 6:1-14|1 Thess. 5:1-12|Luke 1:57-68
advent|2|2|monday|Monday|25|9, 15|Amos 7:1-9|Rev. 1:1-8|Matt. 22:23-33
advent|2|2|tuesday|Tuesday|26, 28|36, 39|Amos 7:10-17|Rev. 1:9-16|Matt. 22:34-46
advent|2|2|wednesday|Wednesday|38|119:25-48|Amos 8:1-14|Rev. 1:17—2:7|Matt. 23:1-12
advent|2|2|thursday|Thursday|37:1-18|37:19-42|Amos 9:1-10|Rev. 2:8-17|Matt. 23:13-26
advent|2|2|friday|Friday|31|35|Haggai 1:1-15|Rev. 2:18-29|Matt. 23:27-39
advent|2|2|saturday|Saturday|30, 32|42, 43|Haggai 2:1-9|Rev. 3:1-6|Matt. 24:1-14
#| 938 Daily Office Year One
#| Week of 3 advent
advent|3|1|sunday|Sunday|63:1-8(9-11), 98|103|Isa. 13:6-13|Heb. 12:18-29|John 3:22-30
advent|3|1|monday|Monday|41, 52|44|Isa. 8:16—9:1|2 Pet. 1:1-11|Luke 22:39-53
advent|3|1|tuesday|Tuesday|45|47, 48|Isa. 9:1-7|2 Pet. 1:12-21|Luke 22:54-69
advent|3|1|wednesday|Wednesday|119:49-72|49, [53]|Isa. 9:8-17|2 Pet. 2:1-10a|Mark 1:1-8
advent|3|1|thursday|Thursday|50|[59, 60] or 33|Isa. 9:18—10:4|2 Pet. 2:10b-16|Matt. 3:1-12
advent|3|1|friday|Friday|40, 54|51|Isa. 10:5-19|2 Pet. 2:17-22|Matt. 11:2-15
advent|3|1|saturday|Saturday|55|138, 139:1-17(18-23)|Isa. 10:20-27|Jude 17-25|Luke 3:1-9
#| Week of 4 advent
advent|4|1|sunday|Sunday|24, 29|8, 84|Isa. 42:1-12|Eph. 6:10-20|John 3:16-21
advent|4|1|monday|Monday|61, 62|112, 115|Isa. 11:1-9|Rev. 20:1-10|John 5:30-47
advent|4|1|tuesday|Tuesday|66, 67|116, 117|Isa. 11:10-16|Rev. 20:11—21:8|Luke 1:5-25
advent|4|1|wednesday|Wednesday|72|111, 113|Isa. 28:9-22|Rev. 21:9-21|Luke 1:26-38
advent|4|1|thursday|Thursday|80|146, 147|Isa. 29:13-24|Rev. 21:22—22:5|Luke 1:39-48a(48b-56)
advent|4|1|friday|Friday|93, 96|148, 150|Isa. 33:17-22|Rev. 22:6-11, 18-20|Luke 1:57-66
advent|4|1|special|Dec 24|45, 46||Isa. 35:1-10|Rev. 22:12-17, 21|Luke 1:67-80
christmas|1|1|special|Christmas Eve||89:1-29|Isa. 59:15b-21|Phil. 2:5-11|
#| Daily Office Year Two 939
#| Week of 3 advent
advent|3|2|sunday|Sunday|63:1-8(9-11), 98|103|Amos 9:11-15|2 Thess. 2:1-3,13-17|John 5:30-47
advent|3|2|monday|Monday|41, 52|44|Zech. 1:7-17|Rev. 3:7-13|Matt. 24:15-31
advent|3|2|tuesday|Tuesday|45|47, 48|Zech. 2:1-13|Rev. 3:14-22|Matt. 24:32-44
advent|3|2|wednesday|Wednesday|119:49-72|49, [53]|Zech. 3:1-10|Rev. 4:1-8|Matt. 24:45-51
advent|3|2|thursday|Thursday|50|[59, 60] or 33|Zech. 4:1-14|Rev. 4:9—5:5|Matt. 25:1-13
advent|3|2|friday|Friday|40, 54|51|Zech. 7:8—8:8|Rev. 5:6-14|Matt. 25:14-30
advent|3|2|saturday|Saturday|55|138, 139:1-17(18-23)|Zech. 8:9-17|Rev. 6:1-17|Matt. 25:31-46
#| Week of 4 advent
advent|4|2|sunday|Sunday|24, 29|8, 84|Gen 3:18-15|Rev. 12:1-10|John 3:16-21
advent|4|2|monday|Monday|61, 62|112, 115|Zeph. 3:14-20|Titus 1:1-16|Luke 1:1-25
advent|4|2|tuesday|Tuesday|66, 67|116, 117|1 Samuel 2:1b-10|Titus 2:1-10|Luke 1:26-38
advent|4|2|wednesday|Wednesday|72|111, 113|2 Samuel 7:1-17|Titus 2:11—3:8a|Luke 1:39-48a(48b-56)
advent|4|2|thursday|Thursday|80|146, 147|2 Samuel 7:18-29|Gal. 3:1-14|Luke 1:57-66
advent|4|2|friday|Friday|93, 96|148, 150|Baruch 4:21-29|Gal. 3:15-22|Luke 1:67-80|or|Matt. 1:1-17
advent|4|2|special|Dec 24|45, 46||Baruch 4:36—5:9|Gal. 3:23—4:7|Matt. 1:18-25
christmas|1|2|special|Christmas Eve||89:1-29|Isa. 59:15b-21|Phil. 2:5-11|
#| 940 Daily Office Year One
#| christmas Day and Following
christmas|1|1|special|Christmas Day|2, 85|110:1-5(6-7), 132|Zech. 2:10-13|1 John 4:7-16|John 3:31-26
christmas|1|1|sunday|Sunday|93, 96|34|Isa. 62:6-7, 10-12|Heb. 2:10-18|Matt. 1:18-25
christmas|1|1|special|Dec 29|18:1-20|18:21-50*|Isa. 12:1-6|Rev. 1:1-8|John 7:37-52
christmas|1|1|special|Dec 30|20, 21:1-7(8-14)|23, 27|Isa. 25:1-9|Rev. 1:9-20|John 7:53—8:11
christmas|1|1|special|Dec 31|46, 48||Isa. 26:1-9|2 Cor. 5:16—6:2|John 8:12-19
christmas|1|1|special|Eve of Holy Name||90|Isa. 65:15b-25|Rev. 21:1-6|
christmas|1|1|special|Holy Name|103|148|Gen. 17:1-12a, 15-16|Col. 2:6-12|John 16:23b-30
christmas|2|1|sunday|Sunday|66, 67|145|Ecclus. 3:3-9, 14-17|1 John 2:12-17|John 6:41-47
christmas|2|1|special|Jan 2|34|33|Gen. 12:1-7|Heb. 11:1-12|John 6:35-42, 48-51
christmas|2|1|special|Jan 3|68|72**|Gen. 28:10-22|Heb. 11:13-22|John 10:7-17
christmas|2|1|special|Jan 4|85, 87|89:1-29 **|Exod. 3:1-12|Heb. 11:23-31|John 14:6-14
christmas|2|1|special|Jan 5|2, 110:1-5(6-7)||Joshua 1:1-9|Heb. 11:32—12:2|John 15:1-16
christmas|2|1|special|Eve of Epiphany||29, 98|Isa. 66:18-23|Rom. 15:7-13|
#| * If today is Saturday Saturday|use Psalms 23 and 27 at Evening Prayer.
#| ** If today is Saturday Saturday use Psalm 136 at Evening Prayer.
#| Daily Office Year Two 941
#| christmas Day and Following
christmas|1|2|special|Christmas Day|2, 85|110:1-5(6-7), 132|Micah 4:1-5,5:2-4|1 John 4:7-16|John 3:31-26
christmas|1|2|sunday|Sunday|93, 96|34|1 Samuel 1:1-2,7b-28|Col. 1:9-20|Luke 2:22-40
christmas|1|2|special|Dec 29|18:1-20|18:21-50*|2 Samuel 23:13-17b 2|John 1-13|John 2:1-11
christmas|1|2|special|Dec 30|20, 21:1-7(8-14)|23, 27|1|Kings 17:17-24|3 John 1-15|John 4:46-54
christmas|1|2|special|Dec 31|46, 48||1|Kings 3:5-14|James 4:13-17; 5:7-11|John 5:1-15
christmas|1|2|special|Eve of Holy Name||90|Isa. 65:15b-25|Rev. 21:1-6|
christmas|1|2|special|Holy Name|103|148|Isa. 62:1-5,10-12|Rev. 19:11-16|Matt. 1:18-25
christmas|2|2|sunday|Sunday|66, 67|145|Wisdom 7:3-14|Col. 3:12-17|John 6:41-47
christmas|2|2|special|Jan 2|34|33|1|Kings 19:1-8|Eph. 4:1-16|John 6:1-14
christmas|2|2|special|Jan 3|68|72**|1|Kings 19:9-18|Eph. 4:17-32|John 6:15-27
christmas|2|2|special|Jan 4|85, 87|89:1-29 **|Joshua 3:14—4:7|Eph. 5:1-20|John 9:1-12,35-38
christmas|2|2|special|Jan 5|2, 110:1-5(6-7)||Jonah 2:2-9|Eph. 6:10-20|John 11:17-27,38-44
christmas|2|2|special|Eve of Epiphany||29, 98|Isa. 66:18-23|Rom. 15:7-13|
#| * If today is Saturday Saturday use Psalms 23 and 27 at Evening Prayer.
#| ** If today is Saturday Saturday use Psalm 136 at Evening Prayer.
#| 942 Daily Office Year One
#| The Epiphany and Following
epiphany|1|1|special|Epiphany|46, 97|96, 100|Isa. 52:7-10|Rev. 21:22-27|Matt. 12:14-21
epiphany|1|1|special|Jan 7*|103|114, 115|Isa. 52:3-6|Rev. 2:1-7|John 2:1-11
epiphany|1|1|special|Jan 8|117, 118|112, 113|Isa. 59:15-21|Rev. 2:8-17|John 4:46-54
epiphany|1|1|special|Jan 9|121, 122, 123|131, 132|Isa. 63:1-5|Rev. 2:18-29|John 5:1-15
epiphany|1|1|special|Jan 10|138, 139:1-17(18-23)|147|Isa. 65:1-9|Rev. 3:1-6|John 6:1-14
epiphany|1|1|special|Jan 11|148, 150|91, 92|Isa. 65:13-16|Rev. 3:7-13|John 6:15-27
epiphany|1|1|special|Jan 12|98, 99, [100]||Isa. 66:1-2, 22-23|Rev. 3:14-22|John 9:1-12, 35-38
epiphany|1|1|special|Eve of 1 Epiphany||104|Isa. 61:1-9|Gal. 3:23-29; 4:4-7|
#| Week of 1 Epiphany
epiphany|1|1|sunday|Sunday|146, 147|111, 112, 113|Isa. 40:1-11|Heb. 1:1-12|John 1:1-7, 19-20, 29-34
epiphany|1|1|monday|Monday|1, 2, 3|4, 7|Isa. 40:12-23|Eph. 1:1-14|Mark 1:1-13
epiphany|1|1|tuesday|Tuesday|5, 6|10, 11|Isa. 40:25-31|Eph. 1:15-23|Mark 1:14-28
epiphany|1|1|wednesday|Wednesday|119:1-24|12, 13, 14|Isa. 41:1-16|Eph. 2:1-10|Mark 1:29-45
epiphany|1|1|thursday|Thursday|18:1-20|18:21-50|Isa. 41:17-29|Eph. 2:11-22|Mark 2:1-12
epiphany|1|1|friday|Friday|16, 17|22|Isa. 42:(1-9)10-17|Eph. 3:1-13|Mark 2:13-22
epiphany|1|1|saturday|Saturday|20, 21:1-7(8-14)|110:1-5(6-7), 116, 117|Isa. 43:1-13|Eph. 3:14-21|Mark 2:23—3:6
#| * The Psalms and Readings for the dated days after the Epiphany
#| are used only until the following Saturday Evening.
#| Daily Office Year Two 943
#| The Epiphany and|Following
epiphany|1|2|special|Epiphany|46, 97|96, 100|Isa. 49:1-7|Rev. 21:22-27|Matt. 12:14-21
epiphany|1|2|special|Jan 7*|103|114, 115|Deut. 8:1-3|Col. 1:1-14|John 6:30-33,48-51
epiphany|1|2|special|Jan 8|117, 118|112, 113|Exod. 17:1-7|Col. 1:15-23|John 7:37-52
epiphany|1|2|special|Jan 9|121, 122, 123|131, 132|Isa. 45:14-19|Col. 1:24—2:7|John 8:12-19
epiphany|1|2|special|Jan 10|138, 139:1-17(18-23)|147|Jer. 23:1-8|Col. 2:8-23|John 10:7-17
epiphany|1|2|special|Jan 11|148, 150|91, 92|Isa. 55:3-9|Col. 3:1-17|John 14:6-14
epiphany|1|2|special|Jan 12|98, 99, [100]||Gen. 49:1-2,8-12|Col 3:18—4:6|John 15:1-16
epiphany|1|2|special|Eve of 1 Epiphany||104|Isa. 61:1-9|Gal. 3:23-29; 4:4-7|
#| Week of 1 Epiphany
epiphany|1|2|sunday|Sunday|146, 147|111, 112, 113|Gen. 1:1—2:3|Eph. 1:3-14|John 1:29-34
epiphany|1|2|monday|Monday|1, 2, 3|4, 7|Gen. 2:4-9(10-15)16-25|Heb. 1:1-14|John 1:1-18
epiphany|1|2|tuesday|Tuesday|5, 6|10, 11|Gen. 3:1-24|Heb. 2:1-10|John 1:19-28
epiphany|1|2|wednesday|Wednesday|119:1-24|12, 13, 14|Gen. 4:1-16|Heb. 2:11-18|John 1:(29-34 )35-42
epiphany|1|2|thursday|Thursday|18:1-20|18:21-50|Gen. 4:17-26|Heb. 3:1-11|John 1:43-51
epiphany|1|2|friday|Friday|16, 17|22|Gen. 6:1-8|Heb. 3:12-19|John 2:1-12
epiphany|1|2|saturday|Saturday|20, 21:1-7(8-14)|110:1-5(6-7), 116, 117|Gen. 6:9-22|Heb. 4:1-13|John 2:13-22
#| * The Psalms and Readings for the dated days after the Epiphany
#| are used only until the following Saturday evening.
#| 944 Daily Office Year One
#| Week of 2 Epiphany
epiphany|2|1|sunday|Sunday|148, 149, 150|114, 115|Isa. 43:14—44:5|Heb. 6:17—7:10|John 4:27-42
epiphany|2|1|monday|Monday|25|9, 15|Isa. 44:6-8, 21-23|Eph. 4:1-16|Mark 3:7-19a
epiphany|2|1|tuesday|Tuesday|26, 28|36, 39|Isa. 44:9-20|Eph. 4:17-32|Mark 3:19b-35
epiphany|2|1|wednesday|Wednesday|38|119:25-48|Isa. 44:24—45:7|Eph. 5:1-14|Mark 4:1-20
epiphany|2|1|thursday|Thursday|37:1-18|37:19-42|Isa. 45:5-17|Eph. 5:15-33|Mark 4:21-34
epiphany|2|1|friday|Friday|31|35|Isa. 45:18-25|Eph. 6:1-9|Mark 4:35-41
epiphany|2|1|saturday|Saturday|30, 32|42, 43|Isa. 46:1-13|Eph. 6:10-24|Mark 5:1-20
#| Week of 3 Epiphany
epiphany|3|1|sunday|Sunday|63:1-8(9-11), 98|103|Isa. 47:1-15|Heb. 10:19-31|John 5:2-18
epiphany|3|1|monday|Monday|41, 52|44|Isa. 48:1-11|Gal. 1:1-17|Mark 5:21-43
epiphany|3|1|tuesday|Tuesday|45|47, 48|Isa. 48:12-21|Gal. 1:18—2:10|Mark 6:1-13
epiphany|3|1|wednesday|Wednesday|119:49-72|49, [53]|Isa. 49:1-12|Gal. 2:11-21|Mark 6:13-29
epiphany|3|1|thursday|Thursday|50|[59, 60] or 118|Isa. 49:13-23|Gal. 3:1-14|Mark 6:30-46
epiphany|3|1|friday|Friday|40, 54|51|Isa. 50:1-11|Gal. 3:15-22|Mark 6:47-56
epiphany|3|1|saturday|Saturday|55|138, 139:1-17(18-23)|Isa. 51:1-8|Gal. 3:23-29|Mark 7:1-23
#| Daily Office Year Two 945
#| Week of 2 Epiphany
epiphany|2|2|sunday|Sunday|148, 149, 150|114, 115|Gen. 7:1-10,17-23|Eph. 4:1-16|Mark 3:7-19
epiphany|2|2|monday|Monday|25|9, 15|Gen. 8:6-22|Heb. 4:14—5:6|John 2:23—3:15
epiphany|2|2|tuesday|Tuesday|26, 28|36, 39|Gen. 9:1-17|Heb. 5:7-14|John 3:16-21
epiphany|2|2|wednesday|Wednesday|38|119:25-48|Gen. 9:18-29|Heb. 6:1-12|John 3:22-36
epiphany|2|2|thursday|Thursday|37:1-18|37:19-42|Gen. 11:1-9|Heb. 6:13-20|John 4:1-15
epiphany|2|2|friday|Friday|31|35|Gen. 11:27—12:8|Heb. 7:1-17|John 4:16-26
epiphany|2|2|saturday|Saturday|30, 32|42, 43|Gen. 12:9—13:1|Heb. 7:18-28|John 4:27-42
#| Week of 3 Epiphany
epiphany|3|2|sunday|Sunday|63:1-8(9-11), 98|103|Gen. 13:2-18|Gal. 2:1-10|Mark 7:31-37
epiphany|3|2|monday|Monday|41, 52|44|Gen. 14:(1-7)8-24|Heb. 8:1-13|John 4:43-54
epiphany|3|2|tuesday|Tuesday|45|47, 48|Gen. 15:1-11,17-21|Heb. 9:1-14|John 5:1-18
epiphany|3|2|wednesday|Wednesday|119:49-72|49, [53]|Gen. 16:1-14|Heb. 9:15-28|John 5:19-29
epiphany|3|2|thursday|Thursday|50|[59, 60] or 118|Gen. 16:15—17:14|Heb. 10:1-10|John 5:30-47
epiphany|3|2|friday|Friday|40, 54|51|Gen. 17:15-27|Heb. 10:11-25|John 6:1-15
epiphany|3|2|saturday|Saturday|55|138, 139:1-17(18-23)|Gen. 18:1-16|Heb. 10:26-39|John 6:16-27
#| 946 Daily Office Year One
#| Week of 4 Epiphany
epiphany|4|1|sunday|Sunday|24, 29|8, 84|Isa. 51:9-16|Heb. 11:8-16|John 7:14-31
epiphany|4|1|monday|Monday|56, 57, [58]|64, 65|Isa. 51:17-23|Gal. 4:1-11|Mark 7:24-37
epiphany|4|1|tuesday|Tuesday|61, 62|68:1-20(21-23)24-36|Isa. 52:1-12|Gal. 4:12-20|Mark 8:1-10
epiphany|4|1|wednesday|Wednesday|72|119:73-96|Isa. 54:1-10(11-17)|Gal. 4:21-31|Mark 8:11-26
epiphany|4|1|thursday|Thursday|[70], 71|74|Isa. 55:1-13|Gal. 5:1-15|Mark 8:27—9:1
epiphany|4|1|friday|Friday|69:1-23(24-30)31-38|73|Isa. 56:1-8|Gal. 5:16-24|Mark 9:2-13
epiphany|4|1|saturday|Saturday|75, 76|23, 27|Isa. 57:3-13|Gal. 5:25—6:10|Mark 9:14-29
#| Week of 5 Epiphany
epiphany|5|1|sunday|Sunday|93, 96|34|Isa. 57:14-21|Heb. 12:1-6|John 7:37-46
epiphany|5|1|monday|Monday|80|77, [79]|Isa. 58:1-12|Gal. 6:11-18|Mark 9:30-41
epiphany|5|1|tuesday|Tuesday|78:1-39|78:40-72|Isa. 59:1-15a 2|Tim. 1:1-14|Mark 9:42-50
epiphany|5|1|wednesday|Wednesday|119:97-120|81, 82|Isa. 59:15b-21|2 Tim. 1:15—2:13|Mark 10:1-16
epiphany|5|1|thursday|Thursday|[83] or 146, 147|85, 86|Isa. 60:1-17|2 Tim. 2:14-26|Mark 10:17-31
epiphany|5|1|friday|Friday|88|91, 92|Isa. 61:1-9|2 Tim. 3:1-17|Mark 10:32-45
epiphany|5|1|saturday|Saturday|87, 90|136|Isa. 61:10—62:5|2 Tim. 4:1-8|Mark 10:46-52
#| Daily Office Year Two 947
#| Week of 4 Epiphany
epiphany|4|2|sunday|Sunday|24, 29|8, 84|Gen. 18:16-33|Gal. 5:13-25|Mark 8:22-30
epiphany|4|2|monday|Monday|56, 57, [58]|64, 65|Gen. 19:1-17(18-23)24-29|Heb. 11:1-12|John 6:27-40
epiphany|4|2|tuesday|Tuesday|61, 62|68:1-20(21-23)24-36|Gen. 21:1-21|Heb. 11:13-22|John 6:41-51
epiphany|4|2|wednesday|Wednesday|72|119:73-96|Gen. 22:1-18|Heb. 11:23-31|John 6:52-59
epiphany|4|2|thursday|Thursday|[70], 71|74|Gen. 23:1-20|Heb. 11:32—12:2|John 6:60-71
epiphany|4|2|friday|Friday|69:1-23(24-30)31-38|73|Gen. 24:1-27|Heb. 12:3-11|John 7:1-13
epiphany|4|2|saturday|Saturday|75, 76|23, 27|Gen. 24:28-38,49-51|Heb. 12:12-29|John 7:14-36
#| Week of 5 Epiphany
epiphany|5|2|sunday|Sunday|93, 96|34|Gen. 24:50-67|2 Tim. 2:14-21|Mark 10:13-22
epiphany|5|2|monday|Monday|80|77, [79]|Gen. 25:19-34|Heb. 13:1-16|John 7:37-52
epiphany|5|2|tuesday|Tuesday|78:1-39|78:40-72|Gen. 26:1-6,12-33|Heb. 13:17-25|John 7:53—8:11
epiphany|5|2|wednesday|Wednesday|119:97-120|81, 82|Gen. 27:1-29|Rom. 12:1-8|John 8:12-20
epiphany|5|2|thursday|Thursday|[83] or 146, 147|85, 86|Gen. 27:30-45|Rom. 12:9-21|John 8:21-32
epiphany|5|2|friday|Friday|88|91, 92|Gen. 27:46—28:4,10-22|Rom. 13:1-14|John 8:33-47
epiphany|5|2|saturday|Saturday|87, 90|136|Gen. 29:1-20|Rom. 14:1-23|John 8:47-59
#| 948 Daily Office Year One
#| Week of 6 Epiphany
epiphany|6|1|sunday|Sunday|66, 67|19, 46|Isa. 62:6-12|1 John 2:3-11|John 8:12-19
epiphany|6|1|monday|Monday|89:1-18|89:19-52|Isa. 63:1-6|1 Tim. 1:1-17|Mark 11:1-11
epiphany|6|1|tuesday|Tuesday|97, 99, [100]|94, [95]|Isa. 63:7-14|1 Tim. 1:18—2:8|Mark 11:12-26
epiphany|6|1|wednesday|Wednesday|101, 109:1-4(5-19)20-30|119:121-144|Isa 63:15—64:9|1 Tim. 3:1-16|Mark 11:27—12:12
epiphany|6|1|thursday|Thursday|105:1-22|105:23-45|Isa. 65:1-12|1 Tim. 4:1-16|Mark 12:13-27
epiphany|6|1|friday|Friday|102|107:1-32|Isa. 65:17-25|1 Tim 5:17-22(23-25)|Mark 12:28-34
epiphany|6|1|saturday|Saturday|107:33-43, 108:1-6(7-13)|33|Isa. 66:1-6|1 Tim. 6:6-21|Mark 12:35-44
#| Week of 7 Epiphany
epiphany|7|1|sunday|Sunday|118|145|Isa. 66:7-14|1 John 3:4-10|John 10:7-16
epiphany|7|1|monday|Monday|106:1-18|106:19-48|Ruth 1:1-14|2 Cor. 1:1-11|Matt. 5:1-12
epiphany|7|1|tuesday|Tuesday|[120], 121, 122, 123|124, 125, 126, [127]|Ruth 1:15-22|2 Cor. 1:12-22|Matt. 5:13-20
epiphany|7|1|wednesday|Wednesday|119:145-176|128, 129, 130|Ruth 2:1-13|2 Cor. 1:23—2:17|Matt. 5:21-26
epiphany|7|1|thursday|Thursday|131, 132, [133]|134, 135|Ruth 2:14-23|2 Cor. 3:1-18|Matt. 5:27-37
epiphany|7|1|friday|Friday|140, 142|141, 143:1-11(12)|Ruth 3:1-18|2 Cor. 4:1-12|Matt. 5:38-48
epiphany|7|1|saturday|Saturday|137:1-6(7-9), 144|104|Ruth 4:1-17|2 Cor. 4:13—5:10|Matt. 6:1-6
#| Daily Office Year Two 949
#| Week of 6 Epiphany
epiphany|6|2|sunday|Sunday|66, 67|19, 46|Gen. 29:20-35|1 Tim. 3:14—4:10|Mark 10:23-31
epiphany|6|2|monday|Monday|89:1-18|89:19-52|Gen. 30:1-24|1 John 1:1-10|John 9:1-17
epiphany|6|2|tuesday|Tuesday|97, 99, [100]|94, [95]|Gen. 31:1-24|1 John 2:1-11|John 9:18-41
epiphany|6|2|wednesday|Wednesday|101, 109:1-4(5-19)20-30|119:121-144|Gen. 31:25-50|1 John 2:12-17|John 10:1-18
epiphany|6|2|thursday|Thursday|105:1-22|105:23-45|Gen. 32:3-21|1 John 2:18-29|John 10:19-30
epiphany|6|2|friday|Friday|102|107:1-32|Gen. 32:22—33:17|1 John 3:1-10|John 10:31-42
epiphany|6|2|saturday|Saturday|107:33-43, 108:1-6(7-13)|33|Gen. 35:1-20|1 John 3:11-18|John 11:1-16
#| Week of 7 Epiphany
epiphany|7|2|sunday|Sunday|118|145|Prov. 1:20-33|2 Cor. 5:11-21|Mark 10:35-45
epiphany|7|2|monday|Monday|106:1-18|106:19-48|Prov. 3:11-20|1 John 3:18—4:6|John 11:17-29
epiphany|7|2|tuesday|Tuesday|[120], 121, 122, 123|124, 125, 126, [127]|Prov. 4:1-27|1 John 4:7-21|John 11:30-44
epiphany|7|2|wednesday|Wednesday|119:145-176|128, 129, 130|Prov. 6:1-19|1 John 5:1-12|John 11:45-54
epiphany|7|2|thursday|Thursday|131, 132, [133]|134, 135|Prov. 7:1-27|1 John 5:13-21|John 11:55—12:8
epiphany|7|2|friday|Friday|140, 142|141, 143:1-11(12)|Prov. 8:1-21|Philemon 1-25|John 12:9-19
epiphany|7|2|saturday|Saturday|137:1-6(7-9), 144|104|Prov. 8:22-36|2 Tim. 1:1-14|John 12:20-26
#| 950 Daily Office Year One
#| Week of 8 Epiphany
epiphany|8|1|sunday|Sunday|146, 147|111, 112, 113|Deut. 4:1-9|2 Tim. 4:1-8|John 12:1-8
epiphany|8|1|monday|Monday|1, 2, 3|4, 7|Deut. 4:9-14|2 Cor. 10:1-18|Matt. 6:7-15
epiphany|8|1|tuesday|Tuesday|5, 6|10, 11|Deut. 4:15-24|2 Cor. 11:1-21a|Matt. 6:16-23
epiphany|8|1|wednesday|Wednesday|119:1-24|12, 13, 14|Deut. 4:25-31|2 Cor. 11:21b-33|Matt. 6:24-34
epiphany|8|1|thursday|Thursday|18:1-20|18:21-50|Deut. 4:32-40|2 Cor. 12:1-10|Matt. 7:1-12
epiphany|8|1|friday|Friday|16, 17|22|Deut. 5:1-22|2 Cor. 12:11-21|Matt. 7:13-21
epiphany|8|1|saturday|Saturday|20, 21:1-7(8-14)|110:1-5(6-7), 116, 117|Deut. 5:22-33|2 Cor. 13:1-14|Matt. 7:22-29
#| Week of Last Epiphany
epiphany|9|1|sunday|Sunday|148, 149, 150|114, 115|Deut. 6:1-9|Heb. 12:18-29|John 12:24-32
epiphany|9|1|monday|Monday|25|9, 15|Deut. 6:10-15|Heb. 1:1-14|John 1:1-18
epiphany|9|1|tuesday|Tuesday|26, 28|36, 39|Deut. 6:16-25|Heb. 2:1-10|John 1:19-28
epiphany|9|1|wednesday|Ash Wednesday|Wednesday|95* & 32, 143|102, 130|Jonah 3:1—4:11|Heb. 12:1-14|Luke 18:9-14
epiphany|9|1|thursday|Thursday|37:1-18|37:19-42|Deut. 7:6-11|Titus 1:1-16|John 1:29-34
epiphany|9|1|friday|Friday|95* & 31|35|Deut. 7:12-16|Titus 2:1-15|John 1:35-42
epiphany|9|1|saturday|Saturday|30, 32|42, 43|Deut. 7:17-26|Titus 3:1-15|John 1:43-51
#| * For the|Invitatory
#| Daily Office Year Two 951
#| Week of 8 Epiphany
epiphany|8|2|sunday|Sunday|146, 147|111, 112, 113|Prov. 9:1-12|2 Cor. 9.6b-15|Mark 10:46-52
epiphany|8|2|monday|Monday|1, 2, 3|4, 7|Prov. 10:1-12|2 Tim. 1:15—2:13|John 12:27-36a
epiphany|8|2|tuesday|Tuesday|5, 6|10, 11|Prov. 15:16-33|2 Tim. 2:14-26|John 12:36b-50
epiphany|8|2|wednesday|Wednesday|119:1-24|12, 13, 14|Prov. 17:1-20|2 Tim. 3:1-17|John 13:1-20
epiphany|8|2|thursday|Thursday|18:1-20|18:21-50|Prov. 21:30—22:6|2 Tim. 4:1-8|John 13:21-30
epiphany|8|2|friday|Friday|16, 17|22|Prov. 23:19-21,29—24:2|2 Tim. 4:9-22|John 13:31-38
epiphany|8|2|saturday|Saturday|20, 21:1-7(8-14)|110:1-5(6-7), 116, 117|Prov. 25:15-28|Phil. 1:1-11|John 18:1-14
#| Week of Last Epiphany
epiphany|9|2|sunday|Sunday|148, 149, 150|114, 115|Ecclus. 48:1-11|2 Cor. 3:7-18|Luke 9:18-27
epiphany|9|2|monday|Monday|25|9, 15|Prov. 27:1-6,10-12|Phil. 2:1-13|John 18:15-18,25-27
epiphany|9|2|tuesday|Tuesday|26, 28|36, 39|Prov. 30:1-4,24-33|Phil. 3:1-11|John 18:28-38
epiphany|9|2|wednesday|Ash Wednesday|Wednesday|95* & 32, 143|102, 130|Amos 5:6-15|Heb. 12:1-14|Luke 18:9-14
epiphany|9|2|thursday|Thursday|37:1-18|37:19-42|Hab. 3:1-10(11-15)16-18|Phil. 3:12-21|John 17:1-8
epiphany|9|2|friday|Friday|95* & 31|35|Ezek. 18:1-4,25-32|Phil. 4:1-9|John 17:9-19
epiphany|9|2|saturday|Saturday|30, 32|42, 43|Ezek. 39:21-29|Phil. 4:10-20|John 17:20-26
#| * For the|Invitatory
#| 952 Daily Office Year One
#| Week of 1 Lent
lent|1|1|sunday|Sunday|63:1-8(9-11), 98|103|Deut. 8:1-10|1 Cor. 1:17-31|Mark 2:18-22
lent|1|1|monday|Monday|41, 52|44|Deut. 8:11-20|Heb. 2:11-18|John 2:1-12
lent|1|1|tuesday|Tuesday|45|47, 48|Deut. 9:4-12|Heb. 3:1-11|John 2:13-22
lent|1|1|wednesday|Wednesday|119:49-72|49, [53]|Deut. 9:13-21|Heb. 3:12-19|John 2:23—3:15
lent|1|1|thursday|Thursday|50|[59, 60] or 19, 46|Deut. 9:23—10:5|Heb. 4:1-10|John 3:16-21
lent|1|1|friday|Friday|95* & 40, 54|51|Deut. 10:12-22|Heb. 4:11-16|John 3:22-36
lent|1|1|saturday|Saturday|55|138, 139:1-17(18-23)|Deut. 11:18-28|Heb. 5:1-10|John 4:1-26
#| Week of 2 Lent
lent|2|1|sunday|Sunday|24, 29|8, 84|Jer. 1:1-10|1 Cor. 3:11-23|Mark 3:31—4:9
lent|2|1|monday|Monday|56, 57, [58]|64, 65|Jer. 1:11-19|Rom. 1:1-15|John 4:27-42
lent|2|1|tuesday|Tuesday|61, 62|68:1-20(21-23)24-36|Jer. 2:1-13|Rom. 1:16-25|John 4:43-54
lent|2|1|wednesday|Wednesday|72|119:73-96|Jer. 3:6-18|Rom. 1:28—2:11|John 5:1-18
lent|2|1|thursday|Thursday|[70], 71|74|Jer. 4:9-10, 19-28|Rom. 2:12-24|John 5:19-29
lent|2|1|friday|Friday|95* & 69:1-23(24-30)31-38|73|Jer. 5:1-9|Rom. 2:25—3:18|John 5:30-47
lent|2|1|saturday|Saturday|75, 76|23, 27|Jer. 5:20-31|Rom. 3:19-31|John 7:1-13
#| * For the|Invitatory
#| Daily Office Year Two 953
#| Week of 1 Lent
lent|1|2|sunday|Sunday|63:1-8(9-11), 98|103|Dan. 9:3-10|Heb. 2:10-18|John 12:44-50
lent|1|2|monday|Monday|41, 52|44|Gen. 37:1-11|1 Cor. 1:1-19|Mark 1:1-13
lent|1|2|tuesday|Tuesday|45|47, 48|Gen. 37:12-24|1 Cor. 1:20-31|Mark 1:14-28
lent|1|2|wednesday|Wednesday|119:49-72|49, [53]|Gen. 37:25-36|1 Cor. 2:1-13|Mark 1:29-45
lent|1|2|thursday|Thursday|50|[59, 60] or 19, 46|Gen. 39:1-23|1 Cor. 2:14—3:15|Mark 2:1-12
lent|1|2|friday|Friday|95* & 40, 54|51|Gen. 40:1-23|1 Cor. 3:16-23|Mark 2:13-22
lent|1|2|saturday|Saturday|55|138, 139:1-17(18-23)|Gen. 41:1-13|1 Cor. 4:1-7|Mark 2:23—3:6
#| Week of 2 Lent
lent|2|2|sunday|Sunday|24, 29|8, 84|Gen. 41:14-45|Rom. 6:3-14|John 5:19-24
lent|2|2|monday|Monday|56, 57, [58]|64, 65|Gen. 41:46-57|1 Cor. 4:8-20(21)|Mark 3:7-19a
lent|2|2|tuesday|Tuesday|61, 62|68:1-20(21-23)24-36|Gen. 42:1-17|1 Cor. 5:1-8|Mark 3:19b-35
lent|2|2|wednesday|Wednesday|72|119:73-96|Gen. 42:18-28|1 Cor. 5:9—6:8|Mark 4:1-20
lent|2|2|thursday|Thursday|[70], 71|74|Gen. 42:29-38|1 Cor. 6:12-20|Mark 4:21-34
lent|2|2|friday|Friday|95* & 69:1-23(24-30)31-38|73|Gen. 43:1-15|1 Cor. 7:1-9|Mark 4:35-41
lent|2|2|saturday|Saturday|75, 76|23, 27|Gen. 43:16-34|1 Cor. 7:10-24|Mark 5:1-20
#| * For the|Invitatory
#| 954 Daily Office Year One
#| Week of 3 Lent
lent|3|1|sunday|Sunday|93, 96|34|Jer. 6:9-15|1 Cor. 6:12-20|Mark 5:1-20
lent|3|1|monday|Monday|80|77, [79]|Jer. 7:1-15|Rom. 4:1-12|John 7:14-36
lent|3|1|tuesday|Tuesday|78:1-39|78:40-72|Jer. 7:21-34|Rom. 4:13-25|John 7:37-52
lent|3|1|wednesday|Wednesday|119:97-120|81, 82|Jer. 8:18—9:6|Rom. 5:1-11|John 8:12-20
lent|3|1|thursday|Thursday|[83] or 42,43|85, 86|Jer. 10:11-24|Rom. 5:12-21|John 8:21-32
lent|3|1|friday|Friday|95* & 88|91, 92|Jer. 11:1-8,14-20|Rom. 6:1-11|John 8:33-47
lent|3|1|saturday|Saturday|87, 90|136|Jer. 13:1-11|Rom. 6:12-23|John 8:47-59
#| Week of 4 Lent
lent|4|1|sunday|Sunday|66, 67|19, 46|Jer. 14:1-9,17-22|Gal. 4:21—5:1|Mark 8:11-21
lent|4|1|monday|Monday|89:1-18|89:19-52|Jer. 16:10-21|Rom. 7:1-12|John 6:1-15
lent|4|1|tuesday|Tuesday|97, 99, [100]|94, [95]|Jer. 17:19-27|Rom. 7:13-25|John 6:16-27
lent|4|1|wednesday|Wednesday|101, 109:1-4(5-19)20-30|119:121-144|Jer. 18:1-11|Rom. 8:1-11|John 6:27-40
lent|4|1|thursday|Thursday|69:1-23(24-30)31-38|73|Jer. 22:13-23|Rom. 8:12-27|John 6:41-51
lent|4|1|friday|Friday|95* & 102|107:1-32|Jer. 23:1-8|Rom. 8:28-39|John 6:52-59
lent|4|1|saturday|Saturday|107:33-43, 108:1-6(7-13)|33|Jer. 23:9-15|Rom. 9:1-18|John 6:60-71
#| * For the|Invitatory
#| Daily Office Year Two 955
#| Week of 3 Lent
lent|3|2|sunday|Sunday|93, 96|34|Gen. 44:1-17|Rom. 8:1-10|John 5:25-29
lent|3|2|monday|Monday|80|77, [79]|Gen. 44:18-34|1 Cor. 7:25-31|Mark 5:21-43
lent|3|2|tuesday|Tuesday|78:1-39|78:40-72|Gen. 45:1-15|1 Cor. 7:32-40|Mark 6:1-13
lent|3|2|wednesday|Wednesday|119:97-120|81, 82|Gen. 45:16-28|1 Cor. 8:1-13|Mark 6:13-29
lent|3|2|thursday|Thursday|[83] or 42,43|85, 86|Gen. 46:1-7,28-34|1 Cor. 9:1-15|Mark 6:30-46
lent|3|2|friday|Friday|95* & 88|91, 92|Gen. 47:1-26|1 Cor. 9:16-27|Mark 6:47-56
lent|3|2|saturday|Saturday|87, 90|136|Gen. 47:27—48:7|1 Cor. 10:1-13|Mark 7:1-23
#| Week of 4 Lent
lent|4|2|sunday|Sunday|66, 67|19, 46|Gen. 48:8-22|Rom. 8:11-25|John 6:27-40
lent|4|2|monday|Monday|89:1-18|89:19-52|Gen. 49:1-28|1 Cor. 10:14—11:1|Mark 7:24-37
lent|4|2|tuesday|Tuesday|97, 99, [100]|94, [95]|Gen. 49:29—50:14|1 Cor. 11:17-34|Mark 8:1-10
lent|4|2|wednesday|Wednesday|101, 109:1-4(5-19)20-30|119:121-144|Gen. 50:15-26|1 Cor. 12:1-11|Mark 8:11-26
lent|4|2|thursday|Thursday|69:1-23(24-30)31-38|73|Exod. 1:6-22|1 Cor. 12:12-26|Mark 8:27—9:1
lent|4|2|friday|Friday|95* & 102|107:1-32|Exod. 2:1-22|1 Cor. 12:27—13:3|Mark 9:2-13
lent|4|2|saturday|Saturday|107:33-43, 108:1-6(7-13)|33|Exod. 2:23—3:15|1 Cor. 13:1-13|Mark 9:14-29
#| * For the|Invitatory
#| 956 Daily Office Year One
#| Week of 5 Lent
lent|5|1|sunday|Sunday|118|145|Jer. 23:16-32|1 Cor. 9:19-27|Mark 8:31—9:1
lent|5|1|monday|Monday|31|35|Jer. 24:1-10|Rom. 9:19-23|John 9:1-17
lent|5|1|tuesday|Tuesday|[120], 121, 122, 123|124, 125, 126, [127]|Jer. 25:8-17|Rom. 10:1-13|John 9:18-41
lent|5|1|wednesday|Wednesday|119:145-176|128, 129, 130|Jer. 25:30-38|Rom. 10:14-21|John 10:1-18
lent|5|1|thursday|Thursday|131, 132, [133]|140, 142|Jer. 26:1-16|Rom. 11:1-12|John 10:19-42
lent|5|1|friday|Friday|95* & 22|141, 143:1-11(12)|Jer. 29:1,4-13|Rom. 11:13-24|John 11:1-27, or 12:1-10
lent|5|1|saturday|Saturday|137:1-6(7-9), 144|42, 43|Jer. 31:27-34|Rom. 11:25-36|John 11:28-44, or 12:37-50
#| Holy Week
lent|6|1|sunday|Palm Sunday|Sunday|24, 29||Zech. 9:9-12|1 Tim. 6:12-16|
lent|6|1|sunday|Palm Sunday Evening||103|Zech. 12:9-11; 13:1,7-9||Matt. 21:12-17
lent|6|1|monday|Monday|51:1-18(19-20)|69:1-23|Jer. 12:1-16|Phil. 3:1-14|John 12:9-19
lent|6|1|tuesday|Tuesday|6, 12|94|Jer. 15:10-21|Phil. 3:15-21|John 12:20-26
lent|6|1|wednesday|Wednesday|55|74|Jer. 17:5-10, 14-17|Phil. 4:1-13|John 12:27-26
lent|6|1|thursday|Maundy Thursday|Thursday|102|142, 143|Jer. 20:7-11|1 Cor. 10:14-17; 11:27-32|John 17:1-11(12-26)
lent|6|1|friday|Good Friday|Friday|95 & 22|40:1-14(15-19),54|Wisdom 1:16—2:1,12-22 or Gen. 22:1-14|1 Peter 1:10-20|John 13:36-38
lent|6|1|friday|Good Friday Evening||40:1-14(15-19),54|Wisdom 1:16—2:1,12-22 or Gen. 22:1-14|1 Peter 1:10-20|John 19:38-42
lent|6|1|saturday|Holy Saturday|Saturday|95** & 88||Job 19:21-27a|Rom. 8:1-11
lent|6|1|saturday|Holy Saturday Evening|Saturday||27|Job 19:21-27a|Rom. 8:1-11|
#| *For the Invitatory **Intended for use in the morning ***Intended for use in the|evening
#| Daily Office Year Two 957
#| Week of 5 Lent
lent|5|2|sunday|Sunday|118|145|Exod. 3:16—4:12|Rom. 12:1-21|John 8:46-59
lent|5|2|monday|Monday|31|35|Exod. 4:10-20(21-26)27-31|1 Cor. 14:1-19|Mark 9:30-41
lent|5|2|tuesday|Tuesday|[120], 121, 122, 123|124, 125, 126, [127]|Exod. 5:1—6:1|1 Cor. 14:20-33a,39-40|Mark 9:42-50
lent|5|2|wednesday|Wednesday|119:145-176|128, 129, 130|Exod. 7:8-24|2 Cor. 2:14—3:6|Mark 10:1-16
lent|5|2|thursday|Thursday|131, 132, [133]|140, 142|Exod. 7:25—8:19|2 Cor. 3:7-18|Mark 10:17-31
lent|5|2|friday|Friday|95* & 22|141, 143:1-11(12)|Exod. 9:13-35|2 Cor. 4:1-12|Mark 10:32-45
lent|5|2|saturday|Saturday|137:1-6(7-9), 144|42, 43|Exod. 10:21—11:8|2 Cor. 4:13-18|Mark 10:46-52
#| Holy Week
lent|6|2|sunday|Palm Sunday|Sunday|24, 29||Zech. 9:9-12** 1|Tim. 6:12-16|
lent|6|2|sunday|Palm Sunday Evening||103|Zech. 12:9-11,13:1,7-9||Luke 19:41-48
lent|6|2|monday|Monday|51:1-18(19-20)|69:1-23|Lam. 1:1-2,6-12|2 Cor. 1:1-7|Mark 11:12-25
lent|6|2|tuesday|Tuesday|6, 12|94|Lam. 1:17-22|2 Cor. 1:8-22|Mark 11:27-33
lent|6|2|wednesday|Wednesday|55|74|Lam. 2:1-9|2 Cor. 1:23—2:11|Mark 12:1-11
lent|6|2|thursday|Maundy Thursday|Thursday|102|142, 143|Lam. 2:10-18|1 Cor. 10:14-17; 11:27-32|Mark 14:12-25
lent|6|2|friday|Good Friday|Friday|95* & 22|40:1-14(15-19),54|Lam. 3:1-9, 19-33|1 Pet. 1:10-20|John 13:36-38
lent|6|2|friday|Good Friday Evening|95* & 22|40:1-14(15-19),54|Lam. 3:1-9, 19-33|1 Pet. 1:10-20|John 19:38-42
lent|6|2|saturday|Holy Saturday|Saturday|95, 88||Lam. 3:37-58|Heb. 4:1-16|
lent|6|2|saturday|Holy Saturday Evening||27|Lam. 3:37-58|Rom. 8:1-11|
#| * For the Invitatory **Intended for use in the morning ***Intended for use in the|evening
#| 958 Daily Office Year One
#| Easter Week
easter|1|1|sunday|Easter Day|148, 149, 150||Exod. 12:1-14||John 1:1-18
easter|1|1|sunday|Easter Evening||113, 114, or 118|Isa. 51:9-11||Luke 24:13-35, orJohn 20:19-23***
easter|1|1|monday|Monday|93, 98|66|Jonah 2:1-9|Acts 2:14,22-32|John 14:1-14
easter|1|1|tuesday|Tuesday|103|111, 114|Isa. 30:18-21|Acts 2:36-41(42-47)*|John 14:15-31
easter|1|1|wednesday|Wednesday|97, 99|115|Micah 7:7-15|Acts 3:1-10|John 15:1-11
easter|1|1|thursday|Thursday|146, 147|148, 149|Ezek. 37:1-14|Acts 3:11-26|John 15:12-27
easter|1|1|friday|Friday|136|118|Dan. 12:1-4,13|Acts 4:1-12|John 16:1-15
easter|1|1|saturday|Saturday|145|104|Isa. 25:1-9|Acts 4:13-21(22-31)|John 16:16-33
#| Week of 2 Easter
easter|2|1|sunday|Sunday|146, 147|111, 112, 113|Isa. 43:8-13|1 Pet. 2:2-10|John 14:1-7
easter|2|1|monday|Monday|1, 2, 3|4, 7|Dan. 1:1-21|1 John 1:1-10|John 17:1-11
easter|2|1|tuesday|Tuesday|5, 6|10, 11|Dan. 2:1-16|1 John 2:1-11|John 17:12-19
easter|2|1|wednesday|Wednesday|119:1-24|12, 13, 14|Dan. 2:17-30|1 John 2:12-17|John 17:20-26
easter|2|1|thursday|Thursday|18:1-20|18:21-50|Dan. 2:31-49|1 John 2:18-29|Luke 3:1-14
easter|2|1|friday|Friday|16, 17|134, 135|Dan. 3:1-18|1 John 3:1-10|Luke 3:15-22
easter|2|1|saturday|Saturday|20, 21:1-7(8-14)|110:1-5(6-7), 116, 117|Dan. 3:19-30|1 John 3:11-18|Luke 4:1-13
#| ** Intended for use in the morning * Duplicates the First Lesson at the Eucharist.
#| *** Intended for use in the evening Readings from Year Two may be substituted.
#| Daily Office Year Two 959
#| Easter Week
easter|1|2|sunday|Easter Day|148, 149, 150||Exod. 12:1-14||John 1:1-18
easter|1|2|sunday|Easter Evening||113, 114, or 118|Isa. 51:9-11||Luke 24:13-35, or John 20:19-23
easter|1|2|monday|Monday|93, 98|66|Exod. 12:14-27|1 Cor. 15:1-11|Mark 16:1-8
easter|1|2|tuesday|Tuesday|103|111, 114|Exod. 12:28-39|1 Cor. 15:12-28|Mark 16:9-20
easter|1|2|wednesday|Wednesday|97, 99|115|Exod. 12:40-51|1 Cor. 15:(29)30-41|Matt. 28:1-16
easter|1|2|thursday|Thursday|146, 147|148, 149|Exod. 13:3-10|1 Cor. 15:41-50|Matt. 28:16-20
easter|1|2|friday|Friday|136|118|Exod. 13:1-2, 11-16|1 Cor. 15:51-58|Luke 24:1-12
easter|1|2|saturday|Saturday|145|104|Exod. 13:17—14:4|2 Cor. 4:16—5:10|Mark 12:18-27
#| Week of 2 Easter
easter|2|2|sunday|Sunday|146, 147|111, 112, 113|Exod. 14:5-22|1 John 1:1-7|John 14:1-7
easter|2|2|monday|Monday|1, 2, 3|4, 7|Exod. 14:21-31|1 Pet. 1:1-12|John 14:(1-7)8-17
easter|2|2|tuesday|Tuesday|5, 6|10, 11|Exod. 15:1-21|1 Pet. 1:13-25|John 14:18-31
easter|2|2|wednesday|Wednesday|119:1-24|12, 13, 14|Exod. 15:22—16:10|1 Pet. 2:1-10|John 15:1-11
easter|2|2|thursday|Thursday|18:1-20|18:21-50|Exod. 16:10-22|1 Pet. 2:11-25|John 15:12-27
easter|2|2|friday|Friday|16, 17|134, 135|Exod. 16:23-36|1 Pet. 3:13—4:6|John 16:1-15
easter|2|2|saturday|Saturday|20, 21:1-7(8-14)|110:1-5(6-7), 116, 117|Exod. 17:1-16|1 Pet. 4:7-19|John 16:16-33
#| ** Intended for use in the morning *** Intended for use in the evening
#| 960 Daily Office Year One
#| Week of 3 Easter
easter|3|1|sunday|Sunday|148, 149, 150|114, 115|Dan. 4:1-18|1 Pet. 4:7-11|John 21:15-25
easter|3|1|monday|Monday|25|9, 15|Dan.4:19-27|1 John 3:19—4:6|Luke 4:14-30
easter|3|1|tuesday|Tuesday|26, 28|36, 39|Dan. 4:28-37|1 John 4:7-21|Luke 4:31-37
easter|3|1|wednesday|Wednesday|38|119:25-48|Dan. 5:1-12|1 John 5:1-12|Luke 4:38-44
easter|3|1|thursday|Thursday|37:1-18|37:19-42|Dan. 5:13-30|1 John 5:13-20(21)|Luke 5:1-11
easter|3|1|friday|Friday|105:1-22|105:23-45|Dan. 6:1-15|2 John 1-13|Luke 5:12-26
easter|3|1|saturday|Saturday|30, 32|42, 43|Dan. 6:16-28|3 John 1-15|Luke 5:27-39
#| Week of 4 Easter
easter|4|1|sunday|Sunday|63:1-8(9-11),98|103|Wisdom 1:1-15|1 Pet. 5:1-11|Matt. 7:15-29
easter|4|1|monday|Monday|41,52|44|Wisdom 1:16—2:11,21-24|Col. 1:1-14|Luke 6:1-11
easter|4|1|tuesday|Tuesday|45|47,48|Wisdom 3:1-9|Col. 1:15-23|Luke 6:12-26
easter|4|1|wednesday|Wednesday|119:49-72|49,[53]|Wisdom 4:16—5:8|Col. 1:24—2:7|Luke 6:27-38
easter|4|1|thursday|Thursday|50|[59,60] or 114, 115|Wisdom 5:9-23|Col. 2:8-23|Luke 6:39-49
easter|4|1|friday|Friday|40,54|51|Wisdom 6:12-23|Col. 3:1-11|Luke 7:1-17
easter|4|1|saturday|Saturday|55|138,139:1-17(18-23)|Wisdom 7:1-14|Col. 3:12-17|Luke 7:18-28(29-30)31-35
#| Daily Office Year Two 961
#| Week of 3 Easter
easter|3|2|sunday|Sunday|148, 149, 150|114, 115|Exod. 18:1-12|1 John 2:7-17|Mark 16:9-20
easter|3|2|monday|Monday|25|9, 15|Exod. 18:13-27|1 Pet. 5:1-14|Matt. (1:1-17),3:1-6
easter|3|2|tuesday|Tuesday|26, 28|36, 39|Exod. 19:1-16|Col. 1:1-14|Matt. 3:7-12
easter|3|2|wednesday|Wednesday|38|119:25-48|Exod. 19:16-25|Col. 1:15-23|Matt. 3:13-17
easter|3|2|thursday|Thursday|37:1-18|37:19-42|Exod. 20:1-21|Col. 1:24—2:7|Matt. 4:1-11
easter|3|2|friday|Friday|105:1-22|105:23-45|Exod. 24:1-18|Col. 2:8-23|Matt. 4:12-17
easter|3|2|saturday|Saturday|30, 32|42, 43|Exod. 25:1-22|Col. 3:1-17|Matt. 4:18-25
#| Week of 4 Easter
easter|4|2|sunday|Sunday|63:1-8(9-11),98|103|Exod. 28:1-4,30-38|1 John 2:18-29|Mark 6:30-44
easter|4|2|monday|Monday|41,52|44|Exod. 32:1-20|Col 3:18—4:6(7-18)|Matt. 5:1-10
easter|4|2|tuesday|Tuesday|45|47,48|Exod. 32:21-34|1 Thess. 1:1-10|Matt. 5:11-16
easter|4|2|wednesday|Wednesday|119:49-72|49,[53]|Exod. 33:1-23|1 Thess. 2:1-12|Matt. 5:17-20
easter|4|2|thursday|Thursday|50|[59,60] or 114, 115|Exod. 34:1-17|1 Thess. 2:13-20|Matt. 5:21-26
easter|4|2|friday|Friday|40,54|51|Exod. 34:18-35|1 Thess. 3:1-13|Matt. 5:27-37
easter|4|2|saturday|Saturday|55|138,139:1-17(18-23)|Exod. 40:18-38|1 Thess. 4:1-12|Matt. 5:38-48
#| 962 Daily Office Year One
#| Week of 5 Easter
easter|5|1|sunday|Sunday|24, 29|8, 84|Wisdom 7:22—8:1|2 Thess. 2:13-17|Matt. 7:7-14
easter|5|1|monday|Monday|56, 57, [58]|64, 65|Wisdom 9:1,7-18|Col. (3:18—4:1)2-18|Luke 7:36-50
easter|5|1|tuesday|Tuesday|61, 62|68:1-20(21-23)24-36|Wisdom 10:1-4(5-12)13-21|Rom. 12:1-21|Luke 8:1-15
easter|5|1|wednesday|Wednesday|72|119:73-96|Wisdom 13:1-9|Rom. 13:1-14|Luke 8:16-25
easter|5|1|thursday|Thursday|[70], 71|74|Wisdom 14:27—15:3|Rom. 14:1-12|Luke 8:26-39
easter|5|1|friday|Friday|106:1-18|106:19-48|Wisdom 16:15—17:1|Rom. 14:13-23|Luke 8:40-56
easter|5|1|saturday|Saturday|75, 76|23, 27|Wisdom 19:1-8,18-22|Rom. 15:1-13|Luke 9:1-17
#| Week of 6 Easter
easter|6|1|sunday|Sunday|93, 96|34|Ecclus. 43:1-12, 27-32|1 Tim. 3:14—4:5|Matt. 13:24-34a
easter|6|1|monday|Monday|80|77, [79]|Deut. 8:1-10|James 1:1-15|Luke 9:18-27
easter|6|1|tuesday|Tuesday|78:1-39|78:40-72|Deut. 8:11-20|James 1:16-27|Luke 11:1-13
easter|6|1|wednesday|Wednesday|119:97-120||Baruch 3:24-37|James 5:13-18|Luke 12:22-31
easter|6|1|wednesday|Eve of Ascension||68:1-20|2|Kings 2:1-15|Rev. 5:1-14
easter|6|1|thursday|Ascension Day|8, 47|24, 96|Ezek. 1:1-14, 24-28b|Heb. 2:5-18|Matt. 28:16-20
easter|6|1|friday|Friday|85, 86|91, 92|Ezek. 1:28—3:3|Heb. 4:14—5:6|Luke 9:28-36
easter|6|1|saturday|Saturday|87, 90|136|Ezek. 3:4-17|Heb. 5:7-14|Luke 9:37-50
#| Daily Office Year Two 963
#| Week of 5 Easter
easter|5|2|sunday|Sunday|24, 29|8, 84|Lev. 8:1-13,30-36|Heb. 12:1-14|Luke 4:16-30
easter|5|2|monday|Monday|56, 57, [58]|64, 65|Lev. 16:1-19|1 Thess. 4:13-18|Matt. 6:1-6,16-18
easter|5|2|tuesday|Tuesday|61, 62|68:1-20(21-23)24-36|Lev. 16:20-34|1 Thess. 5:1-11|Matt. 6:7-15
easter|5|2|wednesday|Wednesday|72|119:73-96|Lev. 19:1-18|1 Thess. 5:12-28|Matt. 6:19-24
easter|5|2|thursday|Thursday|[70], 71|74|Lev. 19:26-37|2 Thess. 1:1-12|Matt. 6:25-34
easter|5|2|friday|Friday|106:1-18|106:19-48|Lev. 23:1-22|2 Thess. 2:1-17|Matt. 7:1-12
easter|5|2|saturday|Saturday|75, 76|23, 27|Lev. 23:23-44|2 Thess. 3:1-18|Matt. 7:13-21
#| Week of 6 Easter
easter|6|2|sunday|Sunday|93, 96|34|Lev. 25:1-17|James 1:2-8,16-18|Luke 12:13-21
easter|6|2|monday|Monday|80|77, [79]|Lev. 25:35-55|Col. 1:9-14|Matt. 13:1-16
easter|6|2|tuesday|Tuesday|78:1-39|78:40-72|Lev. 26:1-20|1 Tim. 2:1-6|Matt. 13:18-23
easter|6|2|wednesday|Wednesday|119:97-120|——|Lev. 26:27-42|Eph. 1:1-10|Matt. 22:41-46
easter|6|2|wednesday|Eve of Ascension||68:1-20|2|Kings 2:1-15|Rev. 5:1-14
easter|6|2|thursday|Ascension Day|8, 47|24, 96|Dan. 7:9-14|Heb. 2:5-18|Matt. 28:16-20
easter|6|2|friday|Friday|85, 86|91, 92|1 Sam. 2:1-10|Eph. 2:1-10|Matt. 7:22-27
easter|6|2|saturday|Saturday|87, 90|136|Num. 11:16-17,24-29|Eph. 2:11-22|Matt. 7:28—8:4
#| 964 Daily Office Year One
#| Week of 7 Easter
easter|7|1|sunday|Sunday|66, 67|19, 46|Ezek. 3:16-27|Eph. 2:1-10|Matt. 10:24-33,40-42
easter|7|1|monday|Monday|89:1-18|89:19-52|Ezek. 4:1-17|Heb. 6:1-12|Luke 9:51-62
easter|7|1|tuesday|Tuesday|97, 99, [100]|94, [95]|Ezek. 7:10-15,23b-27|Heb. 6:13-20|Luke 10:1-17
easter|7|1|wednesday|Wednesday|101, 109:1-4(5-19)20-30|119:121-144|Ezek. 11:14-25|Heb. 7:1-17|Luke 10:17-24
easter|7|1|thursday|Thursday|105:1-22|105:23-45|Ezek. 18:1-4,19-32|Heb. 7:18-28|Luke 10:25-37
easter|7|1|friday|Friday|102|107:1-32|Ezek. 34:17-31|Heb. 8:1-13|Luke 10:38-42
easter|7|1|saturday|Saturday|107:33-43, 108:1-6(7-13)|——|Ezek. 43:1-12|Heb. 9:1-14|Luke 11:14-23
easter|7|1|saturday|Eve of Pentecost||33|Exod. 19:3-8a,16-20 1|Pet. 2:4-10|
pentecost|1|1|sunday|The Day of Pentecost|118|145|Isa. 11:1-9|1 Cor. 2:1-13|John 14:21-29
#| On the weekdays which follow, the Readings are taken from
#| the numbered Proper (one through six) which corresponds
#| most closely to the date of Pentecost.
pentecost|1|1|saturday|Eve of Trinity Sunday|Sunday||104|Ecclus. 42:15-25|Eph. 3:14-21
pentecost|2|1|sunday|Trinity Sunday|Sunday|146, 147|111, 112, 113|Ecclus. 43:1-12(27-33) Eph. 4:1-16|John 1:1-18
#| On the weekdays which follow, the Readings are taken from
#| the numbered Proper (two through seven) which corresponds
#| most closely to the date of Trinity Sunday.
#| Daily Office Year Two 965
#| Week of 7 Easter
easter|7|2|sunday|Sunday|66, 67|19, 46|Exod. 3:1-12|Heb. 12:18-29|Matt.|Luke 10:17-24
easter|7|2|monday|Monday|89:1-18|89:19-52|Joshua 1:1-9|Eph. 3:1-13|Matt. 8:5-17
easter|7|2|tuesday|Tuesday|97, 99, [100]|94, [95]|1 Sam. 16:1-13a|Eph. 3:14-21|Matt. 8:18-27
easter|7|2|wednesday|Wednesday|101, 109:1-4(5-19)20-30|119:121-144|Isa. 4:2-6|Eph. 4:1-16|Matt. 8:28-34
easter|7|2|thursday|Thursday|105:1-22|105:23-45|Zech. 4:1-14|Eph.4:17-32|Matt. 9:1-8
easter|7|2|friday|Friday|102|107:1-32|Jer. 31:27-34|Eph. 5:1-20|Matt. 9:9-17
easter|7|2|saturday|Saturday|107:33-43, 108:1-6(7-13)|——|Ezek. 36:22-27|Eph. 6:10-24|Matt. 9:18-26
easter|7|2|saturday|Eve of Pentecost||33|Exod. 19:3-8a,16-20 1|Pet. 2:4-10|
pentecost|1|2|sunday|The Day of Pentecost|118|145|Deut. 16:9-12|Acts 4:18-21,23-33|John 4:19-26
#| On the weekdays which follow, the Readings are taken from
#| the numbered Proper (one through six) which corresponds
#| most closely to the date of Pentecost.
pentecost|1|2|saturday|Eve of Trinity Sunday|Sunday||104|Ecclus. 42:15-25|Eph. 3:14-21
pentecost|2|2|sunday|Trinity Sunday|146, 147|111, 112, 113|Job 38:1-11,42:1-5|Rev. 19:4-16|John 1:29-34
#| On the weekdays which follow, the Readings are taken from
#| the numbered Proper (two through seven) which corresponds
#| most closely to the date of Trinity Sunday.
#| 966 Daily Office Year One
#| The Season after Pentecost
#| Directions for the use of the Propers which follow are on page 158.
#| Proper 1 Week of the Sunday closest to May 11
pentecost|1|1|monday|Monday|106:1-18|106:19-48|Isa. 63:7-14|2 Tim. 1:1-14|Luke 11:24-36
pentecost|1|1|tuesday|Tuesday|[120], 121, 122, 123|124, 125, 126, [127]|Isa. 63:15—64:9|2 Tim. 1:15—2:13|Luke 11:37-52
pentecost|1|1|wednesday|Wednesday|119:145-176|128, 129, 130|Isa. 65:1-12|2 Tim. 2:14-26|Luke 11:53—12:12
pentecost|1|1|thursday|Thursday|131, 132, [133]|134, 135|Isa. 65:17-25|2 Tim. 3:1-17|Luke 12:13-31
pentecost|1|1|friday|Friday|140, 142|141, 143:1-11(12)|Isa. 66:1-6|2 Tim. 4:1-8|Luke 12:32-48
pentecost|1|1|saturday|Saturday|137:1-6(7-9), 144|104|Isa. 66:7-14|2 Tim. 4:9-22|Luke 12:49-59
#| Proper 2 Week of the Sunday closest to May 18
pentecost|2|1|monday|Monday|1, 2, 3|4, 7|Ruth 1:1-18|1 Tim. 1:1-17|Luke 13:1-9
pentecost|2|1|tuesday|Tuesday|5, 6|10, 11|Ruth 1:19—2:13|1 Tim. 1:18—2:8|Luke 13:10-17
pentecost|2|1|wednesday|Wednesday|119:1-24|12, 13, 14|Ruth 2:14-23|1 Tim. 3:1-16|Luke 13:18-30
pentecost|2|1|thursday|Thursday|18:1-20|18:21-50|Ruth 3:1-18|1 Tim. 4:1-16|Luke 13:31-35
pentecost|2|1|friday|Friday|16, 17|22|Ruth 4:1-17|1 Tim. 5:17-22(23-25)|Luke 14:1-11
pentecost|2|1|saturday|Saturday|20, 21:1-7(8-14)|110:1-5(6-7), 116, 117|Deut. 1:1-8|1 Tim. 6:6-21|Luke 14:12-24
#| Daily Office Year Two 967
#| The Season after|Pentecost
#| Directions for the use of the Propers which follow are on|page 158.
#| Proper 1 Week of the Sunday closest to May 11
pentecost|1|2|monday|Monday|106:1-18|106:19-48|Ezek. 33:1-11|1 John 1:1-10|Matt. 9:27-34
pentecost|1|2|tuesday|Tuesday|[120], 121, 122, 123|124, 125, 126, [127]|Ezek. 33:21-33|1 John 2:1-11|Matt. 9:35—10:4
pentecost|1|2|wednesday|Wednesday|119:145-176|128, 129, 130|Ezek. 34:1-16|1 John 2:12-17|Matt. 10:5-15
pentecost|1|2|thursday|Thursday|131, 132, [133]|134, 135|Ezek. 37:21b-28|1 John 2:18-29|Matt. 10:16-23
pentecost|1|2|friday|Friday|140, 142|141, 143:1-11(12)|Ezek. 39:21-29|1 John 3:1-10|Matt. 10:24-33
pentecost|1|2|saturday|Saturday|137:1-6(7-9), 144|104|Ezek. 47:1-12|1 John 3:11-18|Matt. 10:34-42
#| Proper 2 Week of the Sunday closest to May 18
pentecost|2|2|monday|Monday|1, 2, 3|4, 7|Prov. 3:11-20|1 John 3:18—4:6|Matt. 11:1-6
pentecost|2|2|tuesday|Tuesday|5, 6|10, 11|Prov. 4:1-27|1 John 4:7-21|Matt. 11:7-15
pentecost|2|2|wednesday|Wednesday|119:1-24|12, 13, 14|Prov. 6:1-19|1 John 5:1-12|Matt. 11:16-24
pentecost|2|2|thursday|Thursday|18:1-20|18:21-50|Prov. 7:1-27|1 John 5:13-21|Matt. 11:25-30
pentecost|2|2|friday|Friday|16, 17|22|Prov. 8:1-21|2 John 1-13|Matt. 12:1-14
pentecost|2|2|saturday|Saturday|20, 21:1-7(8-14)|110:1-5(6-7), 116, 117|Prov. 8:22-36|3 John 1-15|Matt. 12:15-21
#| 968 Daily Office Year One
#| Proper 3 Week of the Sunday closest to May 25
pentecost|3|1|sunday|Sunday|148, 149, 150|114, 115|Deut. 4:1-9|Rev. 7:1-4,9-17|Matt. 12:33-45
pentecost|3|1|monday|Monday|25|9, 15|Deut. 4:9-14|2 Cor. 1:1-11|Luke 14:25-35
pentecost|3|1|tuesday|Tuesday|26, 28|36, 39|Deut. 4:15-24|2 Cor. 1:12-22|Luke 15:1-10
pentecost|3|1|wednesday|Wednesday|38|119:25-48|Deut. 4:25-31|2 Cor. 1:23—2:17|Luke 15:1-2,11-32
pentecost|3|1|thursday|Thursday|37:1-18|37:19-42|Deut. 4:32-40|2 Cor. 3:1-18|Luke 16:1-9
pentecost|3|1|friday|Friday|31|35|Deut. 5:1-22|2 Cor. 4:1-12|Luke 16:10-17(18)
pentecost|3|1|saturday|Saturday|30, 32|42, 43|Deut. 5:22-33|2 Cor. 4:13—5:10|Luke 16:19-31
#| Proper 4 Week of the Sunday closest to June 1
pentecost|4|1|sunday|Sunday|63:1-8(9-11),98|103|Deut. 11:1-12|Rev. 10:1-11|Matt. 13:44-58
pentecost|4|1|monday|Monday|41,52|44|Deut. 11:13-19|2 Cor 5:11—6:2|Luke 17:1-10
pentecost|4|1|tuesday|Tuesday|45|47,48|Deut. 12:1-12|2 Cor. 6:3-13(14—7:1)|Luke 17:11-19
pentecost|4|1|wednesday|Wednesday|119:49-72|49,[53]|Deut. 13:1-11|2 Cor. 7:2-16|Luke 17:20-37
pentecost|4|1|thursday|Thursday|50|[59,60] or 8, 84|Deut. 16:18-20, 17:14-20|2 Cor. 8:1-16|Luke 18:1-8
pentecost|4|1|friday|Friday|40, 54|51|Deut. 26:1-11|2 Cor. 8:16-24|Luke 18:9-14
pentecost|4|1|saturday|Saturday|55|138,139:1-17(18-23)|Deut. 29:2-15|2 Cor. 9:1-15|Luke 18:15-30
#| Daily Office Year Two 969
#| Proper 3 Week of the Sunday closest to May 25
pentecost|3|2|sunday|Sunday|148, 149, 150|114, 115|Prov. 9:1-12|Acts 8:14-25|Luke 10:25-28,38-42
pentecost|3|2|monday|Monday|25|9, 15|Prov. 10:1-12|1 Tim. 1:1-17|Matt. 12:22-32
pentecost|3|2|tuesday|Tuesday|26, 28|36, 39|Prov. 15:16-33|1 Tim. 1:18—2:8|Matt. 12:33-42
pentecost|3|2|wednesday|Wednesday|38|119:25-48|Prov. 17:1-20|1 Tim. 3:1-16|Matt. 12:43-50
pentecost|3|2|thursday|Thursday|37:1-18|37:19-42|Prov. 21:30—22:6|1 Tim. 4:1-16|Matt. 13:24-30
pentecost|3|2|friday|Friday|31|35|Prov. 23:19-21,29—24:2|1 Tim. 5:17-22(23-25)|Matt. 13:31-35
pentecost|3|2|saturday|Saturday|30, 32|42, 43|Prov. 25:15-28|1 Tim. 6:6-21|Matt. 13:36-43
#| Proper 4 Week of the Sunday closest to June 1
pentecost|4|2|sunday|Sunday|63:1-8(9-11),98|103|Eccles. 1:1-11|Acts 8:26-40|Luke 11:1-13
pentecost|4|2|monday|Monday|41,52|44|Eccles. 2:1-15|Gal. 1:1-17|Matt. 13:44-52
pentecost|4|2|tuesday|Tuesday|45|47,48|Eccles. 2:16-26|Gal. 1:18—2:10|Matt. 13:53-58
pentecost|4|2|wednesday|Wednesday|119:49-72|49,[53]|Eccles. 3:1-15|Gal. 2:11-21|Matt. 14:1-12
pentecost|4|2|thursday|Thursday|50|[59,60] or 8, 84|Eccles. 3:16—4:3|Gal. 3:1-14|Mat. 14:13-21
pentecost|4|2|friday|Friday|40, 54|51|Eccles. 5:1-7|Gal. 3:15-22|Matt. 14:22-36
pentecost|4|2|saturday|Saturday|55|138,139:1-17(18-23)|Eccles. 5:8-20|Gal. 3:23—4:11|Matt. 15:1-20
#| 970 Daily Office Year One
#| Proper 5 Week of the Sunday closest to June 8
pentecost|5|1|sunday|Sunday|24, 29|8, 84|Deut. 29:16-29|Rev. 12:1-12|Matt. 15:29-39
pentecost|5|1|monday|Monday|56, 57, [58]|64, 65|Deut. 30:1-10|2 Cor. 10:1-18|Luke 18:31-43
pentecost|5|1|tuesday|Tuesday|61, 62|68:1-20(21-23)24-36|Deut. 30:11-20|2 Cor. 11:1-21a|Luke 19:1-10
pentecost|5|1|wednesday|Wednesday|72|119:73-96|Deut. 31:30—32:14|2 Cor. 11:21b-33|Luke 19:11-27
pentecost|5|1|thursday|Thursday|[70], 71|74|Ecclus. 44:19—45:5|2 Cor. 12:1-10|Luke 19:28-40
pentecost|5|1|friday|Friday|69:1-23(24-30)31-38|73|Ecclus. 45:6-16|2 Cor. 12:11-21|Luke 19:41-48
pentecost|5|1|saturday|Saturday|75, 76|23, 27|Ecclus. 46:1-10|2 Cor. 13:1-14|Luke 20:1-8
#| Proper 6 Week of the Sunday closest to June 15
pentecost|6|1|sunday|Sunday|93, 96|34|Ecclus. 46:11-20|Rev. 15:1-8|Matt. 18:1-14
pentecost|6|1|monday|Monday|80|77, [79]|1 Samuel 1:1-20|Acts 1:1-14|Luke 20:9-19
pentecost|6|1|tuesday|Tuesday|78:1-39|78:40-72|1 Samuel 1:21—2:11|Acts 1:15-26|Luke 20:19-26
pentecost|6|1|wednesday|Wednesday|119:97-120|81, 82|1 Samuel 2:12-26|Acts 2:1-21|Luke 20:27-40
pentecost|6|1|thursday|Thursday|[83] or 34|85, 86|1 Samuel 2:27-36|Acts 2:22-36|Luke 20:41—21:4
pentecost|6|1|friday|Friday|88|91, 92|1 Samuel 3:1-21|Acts 2:37-47|Luke 21:5-19
pentecost|6|1|saturday|Saturday|87, 90|136|1 Samuel 4:1b-11|Acts 4:32—5:11|Luke 21:20-28
#| Daily Office Year Two 971
#| Proper 5 Week of the Sunday closest to June 8
pentecost|5|2|sunday|Sunday|24, 29|8, 84|Eccles. 6:1-12|Acts 10:9-23|Luke 12:32-40
pentecost|5|2|monday|Monday|56, 57, [58]|64, 65|Eccles. 7:1-14|Gal. 4:12-20|Matt. 15:21-28
pentecost|5|2|tuesday|Tuesday|61, 62|68:1-20(21-23)24-36|Eccles. 8:14—9:10|Gal. 4:21-31|Matt. 15:29-39
pentecost|5|2|wednesday|Wednesday|72|119:73-96|Eccles. 9:11-18|Gal. 5:1-15|Matt. 16:1-12
pentecost|5|2|thursday|Thursday|[70], 71|74|Eccles. 11:1-8|Gal. 5:16-24|Matt. 16:13-20
pentecost|5|2|friday|Friday|69:1-23(24-30)31-38|73|Eccles. 11:9—12:14|Gal. 5:25—6:10|Matt. 16:21-28
pentecost|5|2|saturday|Saturday|75, 76|23, 27|Num. 3:1-13|Gal. 6:11-18|Matt. 17:1-13
#| Proper 6 Week of the Sunday closest to June 15
pentecost|6|2|sunday|Sunday|93, 96|34|Num. 6:22-27|Acts 13:1-12|Luke 12:41-48
pentecost|6|2|monday|Monday|80|77, [79]|Num. 9:15-23,10:29-36|Rom. 1:1-15|Matt. 17:14-21
pentecost|6|2|tuesday|Tuesday|78:1-39|78:40-72|Num. 11:1-23|Rom. 1:16-25|Matt. 17:22-27
pentecost|6|2|wednesday|Wednesday|119:97-120|81, 82|Num. 11:24-33(34-35)|Rom. 1:28—2:11|Matt. 18:1-9
pentecost|6|2|thursday|Thursday|[83] or 34|85, 86|Num. 12:1-16|Rom. 2:12-24|Matt. 18:10-20
pentecost|6|2|friday|Friday|88|91, 92|Num. 13:1-3,21-30|Rom. 2:25—3:8|Matt. 18:21-35
pentecost|6|2|saturday|Saturday|87, 90|136|Num. 13:31—14:25|Rom. 3:9-20|Matt. 19:1-12
#| 972 Daily Office Year One
#| Proper 7 Week of the Sunday closest to June 22
pentecost|7|1|sunday|Sunday|66, 67|19, 46|1 Samuel 4:12-22|James 1:1-18|Matt. 19:23-30
pentecost|7|1|monday|Monday|89:1-18|89:19-52|1 Samuel 5:1-12|Acts 5:12-26|Luke 21:29-36
pentecost|7|1|tuesday|Tuesday|97, 99, [100]|94, [95]|1 Samuel 6:1-16|Acts 5:27-42|Luke 21:37—22:13
pentecost|7|1|wednesday|Wednesday|101, 109:1-4(5-19)20-30|119:121-144|1 Samuel 7:2-17|Acts 6:1-15|Luke 22:14-23
pentecost|7|1|thursday|Thursday|105:1-22|105:23-45|1 Samuel 8:1-22|Acts 6:15—7:16|Luke 22:24-30
pentecost|7|1|friday|Friday|102|107:1-32|1 Samuel 9:1-14|Acts 7:17-29|Luke 22:31-38
pentecost|7|1|saturday|Saturday|107:33-43, 108:1-6(7-13)|33|1 Samuel 9:15—10:1|Acts 7:30-43|Luke 22:39-51
#| Proper 8 Week of the Sunday closest to June 29
pentecost|8|1|sunday|Sunday|118|145|1 Samuel 10:1-16|Rom. 4:13-25|Matt. 21:23-32
pentecost|8|1|monday|Monday|106:1-18|106:19-48|1 Samuel 10:17-27|Acts 7:44—8:1a|Luke 22:52-62
pentecost|8|1|tuesday|Tuesday|[120], 121, 122, 123|124, 125, 126, [127]|1 Samuel 11:1-15|Acts 8:1-13|Luke 22:63-71
pentecost|8|1|wednesday|Wednesday|119:145-176|128, 129, 130|1 Samuel 12:1-6,16-25|Acts 8:14-25|Luke 23:1-12
pentecost|8|1|thursday|Thursday|131, 132, [133]|134, 135|1 Samuel 13:5-18|Acts 8:26-40|Luke 23:13-25
pentecost|8|1|friday|Friday|140, 142|141, 143:1-11(12)|1 Samuel 13:19—14:15|Acts 9:1-9|Luke 23:26-31
pentecost|8|1|saturday|Saturday|137:1-6(7-9), 144|104|1 Samuel 14:16-30|Acts 9:10-19a|Luke 23:32-43
#| Daily Office Year Two 973
#| Proper 7 Week of the Sunday closest to June 22
pentecost|7|2|sunday|Sunday|66, 67|19, 46|Num. 14:26-45|Acts 15:1-12|Luke 12:49-56
pentecost|7|2|monday|Monday|89:1-18|89:19-52|Num. 16:1-19|Rom. 3:21-31|Matt. 19:13-22
pentecost|7|2|tuesday|Tuesday|97, 99, [100]|94, [95]|Num. 16:20-35|Rom. 4:1-12|Matt. 19:23-30
pentecost|7|2|wednesday|Wednesday|101, 109:1-4(5-19)20-30|119:121-144|Num. 16:36-50|Rom. 4:13-25|Matt. 20:1-16
pentecost|7|2|thursday|Thursday|105:1-22|105:23-45|Num. 17:1-11|Rom. 5:1-11|Matt. 20:17-28
pentecost|7|2|friday|Friday|102|107:1-32|Num. 20:1-13|Rom. 5:12-21|Matt. 20:29-34
pentecost|7|2|saturday|Saturday|107:33-43, 108:1-6(7-13)|33|Num. 20:14-29|Rom. 6:1-11|Matt. 21:1-11
#| Proper 8 Week of the Sunday closest to June 29
pentecost|8|2|sunday|Sunday|118|145|Num. 21:4-9,21-35|Acts 17:(12-21)22-34|Luke 13:10-17
pentecost|8|2|monday|Monday|106:1-18|106:19-48|Num. 22:1-21|Rom. 6:12-23|Matt. 21:12-22
pentecost|8|2|tuesday|Tuesday|[120], 121, 122, 123|124, 125, 126, [127]|Num. 22:21-38|Rom. 7:1-12|Matt. 21:23-32
pentecost|8|2|wednesday|Wednesday|119:145-176|128, 129, 130|Num. 22:41—23:12|Rom. 7:13-25|Matt. 21:33-46
pentecost|8|2|thursday|Thursday|131, 132, [133]|134, 135|Num. 23:11-26|Rom. 8:1-11|Matt. 22:1-14
pentecost|8|2|friday|Friday|140, 142|141, 143:1-11(12)|Num. 24:1-13|Rom. 8:12-17|Matt. 22:15-22
pentecost|8|2|saturday|Saturday|137:1-6(7-9), 144|104|Num. 24:12-25|Rom. 8:18-25|Matt. 22:23-40
#| 974 Daily Office Year One
#| Proper 9 Week of the Sunday closest to July 6
pentecost|9|1|sunday|Sunday|146, 147|111, 112, 113|1 Samuel 14:36-45|Rom. 5:1-11|Matt. 22:1-14
pentecost|9|1|monday|Monday|1, 2, 3|4, 7|1 Samuel 15:1-3,7-23|Acts 9:19b-31|Luke 23:44-56a
pentecost|9|1|tuesday|Tuesday|5, 6|10, 11|1 Samuel 15:24-35|Acts 9:32-43|Luke 23:56b—24:11
pentecost|9|1|wednesday|Wednesday|119:1-24|12, 13, 14|1 Samuel 16:1-13|Acts 10:1-16|Luke 24:12-35
pentecost|9|1|thursday|Thursday|18:1-20|18:21-50|1 Samuel 16:14—17:11|Acts 10:17-33|Luke 24:36-53
pentecost|9|1|friday|Friday|16, 17|22|1 Samuel 17:17-30|Acts 10:34-48|Mark 1:1-13
pentecost|9|1|saturday|Saturday|20, 21:1-7(8-14)|110:1-5(6-7), 116, 117|1 Samuel 17:31-49|Acts 11:1-18|Mark 1:14-28
#| Proper 10 Week of the Sunday closest to July 13
pentecost|10|1|sunday|Sunday|148, 149, 150|114, 115|1 Samuel 17:50—18:4|Rom. 10:4-17|Matt. 23:29-39
pentecost|10|1|monday|Monday|25|9, 15|1 Samuel 18:5-16,27b-30|Acts 11:19-30|Mark 1:29-45
pentecost|10|1|tuesday|Tuesday|26, 28|36, 39|1 Samuel 19:1-18|Acts 12:1-17|Mark 2:1-12
pentecost|10|1|wednesday|Wednesday|38|119:25-48|1 Samuel 20:1-23|Acts 12:18-25|Mark 2:13-22
pentecost|10|1|thursday|Thursday|37:1-18|37:19-42|1 Samuel 20:24-42|Acts 13:1-12|Mark 2:23—3:6
pentecost|10|1|friday|Friday|31|35|1 Samuel 21:1-15|Acts 13:13-25|Mark 3:7-19a
pentecost|10|1|saturday|Saturday|30, 32|42, 43|1 Samuel 22:1-23|Acts 13:26-43|Mark 3:19b-35
#| Daily Office Year Two 975
#| Proper 9 Week of the Sunday closest to July 6
pentecost|9|2|sunday|Sunday|146, 147|111, 112, 113|Num. 27:12-23|Acts 19:11-20|Mark 1:14-20
pentecost|9|2|monday|Monday|1, 2, 3|4, 7|Num. 32:1-6,16-27|Rom. 8:26-30|Matt. 23:1-12
pentecost|9|2|tuesday|Tuesday|5, 6|10, 11|Num. 35:1-3,9-15,30-34|Rom. 8:31-39|Matt. 23:13-26
pentecost|9|2|wednesday|Wednesday|119:1-24|12, 13, 14|Deut. 1:1-18|Rom. 9:1-18|Matt. 23:27-39
pentecost|9|2|thursday|Thursday|18:1-20|18:21-50|Deut. 3:18-28|Rom. 9:19-33|Matt. 24:1-14
pentecost|9|2|friday|Friday|16, 17|22|Deut. 31:7-13, 24—32:4|Rom. 10:1-13|Matt. 24:15-31
pentecost|9|2|saturday|Saturday|20, 21:1-7(8-14)|110:1-5(6-7), 116, 117|Deut. 34:1-12|Rom. 10:14-21|Matt. 24:32-51
#| Proper 10 Week of the Sunday closest to July 13
pentecost|10|2|sunday|Sunday|148, 149, 150|114, 115|Joshua 1:1-18|Acts 21:3-15|Mark 1:21-27
pentecost|10|2|monday|Monday|25|9, 15|Joshua 2:1-14|Rom. 11:1-12|Matt. 25:1-13
pentecost|10|2|tuesday|Tuesday|26, 28|36, 39|Joshua 2:15-24|Rom. 11:13-24|Matt. 25:14-30
pentecost|10|2|wednesday|Wednesday|38|119:25-48|Joshua 3:1-13|Rom. 11:25-36|Matt. 25:31-46
pentecost|10|2|thursday|Thursday|37:1-18|37:19-42|Joshua 3:14—4:7|Rom. 12:1-8|Matt. 26:1-16
pentecost|10|2|friday|Friday|31|35|Joshua 4:19—5:1,10-15|Rom. 12:9-21|Matt. 26:17-25
pentecost|10|2|saturday|Saturday|30, 32|42, 43|Joshua 6:1-14|Rom. 13:1-7|Matt. 26:26-35
#| 976 Daily Office Year One
#| Proper 11 Week of the Sunday closest to July 20
pentecost|11|1|sunday|Sunday|63:1-8(9-11),98|103|1 Samuel 23:7-18|Rom. 11:33—12:2|Matt. 25:14-30
pentecost|11|1|monday|Monday|41,52|44|1 Samuel 24:1-22|Acts 13:44-52|Mark 4:1-20
pentecost|11|1|tuesday|Tuesday|45|47,48|1 Samuel 25:1-22|Acts 14:1-18|Mark 4:21-34
pentecost|11|1|wednesday|Wednesday|119:49-72|49,[53]|1 Samuel 25:23-44|Acts 14:19-28|Mark 4:35-41
pentecost|11|1|thursday|Thursday|50|[59,60] or 66, 67|1 Samuel 28:3-20|Acts 15:1-11|Mark 5:1-20
pentecost|11|1|friday|Friday|40,54|51|1 Samuel 31:1-13|Acts 15:12-21|Mark 5:21-43
pentecost|11|1|saturday|Saturday|55|138,139:1-17(18-23)|2 Samuel 1:1-16|Acts 15:22-35|Mark 6:1-13
#| Proper 12 Week of the Sunday closest to July 27
pentecost|12|1|sunday|Sunday|24, 29|8, 84|2 Samuel 1:17-27|Rom. 12:9-21|Matt. 25:31-46
pentecost|12|1|monday|Monday|56, 57, [58]|64, 65|2 Samuel 2:1-11|Acts 15:36—16:5|Mark 6:14-29
pentecost|12|1|tuesday|Tuesday|61, 62|68:1-20(21-23)24-36|2 Samuel 3:6-21|Acts 16:6-15|Mark 6:30-46
pentecost|12|1|wednesday|Wednesday|72|119:73-96|2 Samuel 3:22-39|Acts 16:16-24|Mark 6:47-56
pentecost|12|1|thursday|Thursday|[70], 71|74|2 Samuel 4:1-12|Acts 16:25-40|Mark 7:1-23
pentecost|12|1|friday|Friday|69:1-23(24-30)31-38|73|2 Samuel 5:1-12|Acts 17:1-15|Mark 7:24-37
pentecost|12|1|saturday|Saturday|75, 76|23, 27|2 Samuel 5:22—6:11|Acts 17:16-34|Mark 8:1-10
#| Daily Office Year Two 977
#| Proper 11 Week of the Sunday closest to July 20
pentecost|11|2|sunday|Sunday|63:1-8(9-11),98|103|Joshua 6:15-27|Acts 22:30—23:11|Mark 2:1-12
pentecost|11|2|monday|Monday|41,52|44|Joshua 7:1-13|Rom. 13:8-14|Matt. 26:36-46
pentecost|11|2|tuesday|Tuesday|45|47,48|Joshua 8:1-22|Rom. 14:1-12|Matt. 26:47-56
pentecost|11|2|wednesday|Wednesday|119:49-72|49,[53]|Joshua 8:30-35|Rom. 14:13-23|Matt. 26:57-68
pentecost|11|2|thursday|Thursday|50|[59,60] or 66, 67|Joshua 9:3-21|Rom. 15:1-13|Matt. 26:69-75
pentecost|11|2|friday|Friday|40,54|51|Joshua 9:22—10:15|Rom. 15:14-24|Matt. 27:1-10
pentecost|11|2|saturday|Saturday|55|138,139:1-17(18-23)|Joshua 23:1-16|Rom. 15:25-33|Matt. 27:11-23
#| Proper 12 Week of the Sunday closest to July 27
pentecost|12|2|sunday|Sunday|24, 29|8, 84|Joshua 24:1-15|Acts 28:23-31|Mark 2:23-28
pentecost|12|2|monday|Monday|56, 57, [58]|64, 65|Joshua 24:16-33|Rom. 16:1-16|Matt. 27:24-31
pentecost|12|2|tuesday|Tuesday|61, 62|68:1-20(21-23)24-36|Judges 2:1-5,11-23|Rom. 16:17-27|Matt. 27:32-44
pentecost|12|2|wednesday|Wednesday|72|119:73-96|Judges 3:12-30|Acts 1:1-14|Matt. 27:45-54
pentecost|12|2|thursday|Thursday|[70], 71|74|Judges 4:4-23|Acts 1:15-26|Matt. 27:55-66
pentecost|12|2|friday|Friday|69:1-23(24-30)31-38|73|Judges 5:1-18|Acts 2:1-21|Matt. 28:1-10
pentecost|12|2|saturday|Saturday|75, 76|23, 27|Judges 5:19-31|Acts 2:22-36|Matt. 28:11-20
#| 978 Daily Office Year One
#| Proper 13 Week of the Sunday closest to August 3
pentecost|13|1|sunday|Sunday|93, 96|34|2 Samuel 6:12-23|Rom. 4:7-12|John 1:43-51
pentecost|13|1|monday|Monday|80|77, [79]|2 Samuel 7:1-17|Acts 18:1-11|Mark 8:11-21
pentecost|13|1|tuesday|Tuesday|78:1-39|78:40-72|2 Samuel 7:18-29|Acts 18:12-28|Mark 8:22-33
pentecost|13|1|wednesday|Wednesday|119:97-120|81, 82|2 Samuel 9:1-13|Acts 19:1-10|Mark 8:34—9:1
pentecost|13|1|thursday|Thursday|[83] or 145|85, 86|2 Samuel 11:1-27|Acts 19:11-20|Mark 9:2-13
pentecost|13|1|friday|Friday|88|91, 92|2 Samuel 12:1-14|Acts 19:21-41|Mark 9:14-29
pentecost|13|1|saturday|Saturday|87, 90|136|2 Samuel 12:15-31|Acts 20:1-16|Mark 9:30-41
#| Proper 14 Week of the Sunday closest to August 10
pentecost|14|1|sunday|Sunday|66, 67|19, 46|2 Samuel 13:1-22|Rom. 15:1-13|John 3:22-36
pentecost|14|1|monday|Monday|89:1-18|89:19-52|2 Samuel 13:23-39|Acts 20:17-38|Mark 9:42-50
pentecost|14|1|tuesday|Tuesday|97, 99, [100]|94, [95]|2 Samuel 14:1-20|Acts 21:1-14|Mark 10:1-16
pentecost|14|1|wednesday|Wednesday|101, 109:1-4(5-19)20-30|119:121-144|2 Samuel 14:21-33|Acts 21:15-26|Mark 10:17-31
pentecost|14|1|thursday|Thursday|105:1-22|105:23-45|2 Samuel 15:1-18|Acts 21:27-36|Mark 10:32-45
pentecost|14|1|friday|Friday|102|107:1-32|2 Samuel 15:19-37|Acts 21:37—22:16|Mark 10:46-52
pentecost|14|1|saturday|Saturday|107:33-43, 108:1-6(7-13)|33|2 Samuel 16:1-23|Acts 22:17-29|Mark 11:1-11
#| Daily Office Year Two 979
#| Proper 13 Week of the Sunday closest to August 3
pentecost|13|2|sunday|Sunday|93, 96|34|Judges 6:1-24|2 Cor. 9:6-15|Mark 3:20-30
pentecost|13|2|monday|Monday|80|77, [79]|Judges 6:25-40|Acts 2:37-47|John 1:1-18
pentecost|13|2|tuesday|Tuesday|78:1-39|78:40-72|Judges 7:1-18|Acts 3:1-11|John 1:19-28
pentecost|13|2|wednesday|Wednesday|119:97-120|81, 82|Judges 7:19—8:12|Acts 3:12-26|John 1:29-42
pentecost|13|2|thursday|Thursday|[83] or 145|85, 86|Judges 8:22-35|Acts 4:1-12|John 1:43-51
pentecost|13|2|friday|Friday|88|91, 92|Judges 9:1-16,19-21|Acts 4:13-31|John 2:1-12
pentecost|13|2|saturday|Saturday|87, 90|136|Judges 9:22-25,50-57|Acts 4:32—5:11|John 2:13-25
#| Proper 14 Week of the Sunday closest to August 10
pentecost|14|2|sunday|Sunday|66, 67|19, 46|Judges 11:1-11,29-40|2 Cor. 11:21b-31|Mark 4:35-41
pentecost|14|2|monday|Monday|89:1-18|89:19-52|Judges 12:1-7|Acts 5:12-26|John 3:1-21
pentecost|14|2|tuesday|Tuesday|97, 99, [100]|94, [95]|Judges 13:1-15|Acts 5:27-42|John 3:22-36
pentecost|14|2|wednesday|Wednesday|101, 109:1-4(5-19)20-30|119:121-144|Judges 13:15-24|Acts 6:1-15|John 4:1-26
pentecost|14|2|thursday|Thursday|105:1-22|105:23-45|Judges 14:1-19|Acts 6:15—7:16|John 4:27-42
pentecost|14|2|friday|Friday|102|107:1-32|Judges 14:20—15:20|Acts 7:17-29|John 4:43-54
pentecost|14|2|saturday|Saturday|107:33-43, 108:1-6(7-13)|33|Judges 16:1-14|Acts 7:30-43|John 5:1-18
#| 980 Daily Office Year One
#| Proper 15 Week of the Sunday closest to August 17
pentecost|15|1|sunday|Sunday|118|145|2 Samuel 17:1-23|Gal. 3:6-14|John 5:30-47
pentecost|15|1|monday|Monday|106:1-18|106:19-48|2 Samuel 17:24—18:8|Acts 22:30—23:11|Mark 11:12-26
pentecost|15|1|tuesday|Tuesday|[120], 121, 122, 123|124, 125, 126, [127]|2 Samuel 18:9-18|Acts 23:12-24|Mark 11:27—12:12
pentecost|15|1|wednesday|Wednesday|119:145-176|128, 129, 130|2 Samuel 18:19-23|Acts 23:23-35|Mark 12:13-27
pentecost|15|1|thursday|Thursday|131, 132, [133]|134, 135|2 Samuel 19:1-23|Acts 24:1-23|Mark 12:28-34
pentecost|15|1|friday|Friday|140, 142|141, 143:1-11(12)|2 Samuel 19:24-43|Acts 24:24—25:12|Mark 12:35-44
pentecost|15|1|saturday|Saturday|137:1-6(7-9), 144|104|2 Samuel 23:1-17,13-17|Acts 25:13-27|Mark 13:1-13
#| Proper 16 Week of the Sunday closest to August 24
pentecost|16|1|sunday|Sunday|146, 147|111, 112, 113|2 Samuel 24:1-2,10-25|Gal. 3:23—4:7|John 8:12-20
pentecost|16|1|monday|Monday|1, 2, 3|4, 7|1|Kings 1:5-31|Acts 26:1-23|Mark 13:14-27
pentecost|16|1|tuesday|Tuesday|5, 6|10, 11|1|Kings 1:38—2:4|Acts 26:24—27:8|Mark 13:28-37
pentecost|16|1|wednesday|Wednesday|119:1-24|12, 13, 14|1|Kings 3:1-15|Acts 27:9-26|Mark 14:1-11
pentecost|16|1|thursday|Thursday|18:1-20|18:21-50|1|Kings 3:16-28|Acts 27:27-44|Mark 14:12-26
pentecost|16|1|friday|Friday|16, 17|22|1|Kings 5:1—6:1,7|Acts 28:1-16|Mark 14:27-42
pentecost|16|1|saturday|Saturday|20, 21:1-7(8-14)|110:1-5(6-7), 116, 117|1|Kings 7:51—8:21|Acts 28:17-31|Mark 14:43-52
#| Daily Office Year Two 981
#| Proper 15 Week of the Sunday closest to August 17
pentecost|15|2|sunday|Sunday|118|145|Judges 16:15-31|2 Cor. 13:1-11|Mark 5:25-34
pentecost|15|2|monday|Monday|106:1-18|106:19-48|Judges 17:1-13|Acts 7:44—8:1a|John 5:19-29
pentecost|15|2|tuesday|Tuesday|[120], 121, 122, 123|124, 125, 126, [127]|Judges 18:1-15|Acts 8:1-13|John 5:30-47
pentecost|15|2|wednesday|Wednesday|119:145-176|128, 129, 130|Judges 18:16-31|Acts 8:14-25|John 6:1-15
pentecost|15|2|thursday|Thursday|131, 132, [133]|134, 135|Job 1:1-22|Acts 8:26-40|John 6:16-27
pentecost|15|2|friday|Friday|140, 142|141, 143:1-11(12)|Job 2:1-13|Acts 9:1-9|John 6:27-40
pentecost|15|2|saturday|Saturday|137:1-6(7-9), 144|104|Job 3:1-26|Acts 9:10-19a|John 6:41-51
#| Proper 16 Week of the Sunday closest to August 24
pentecost|16|2|sunday|Sunday|146, 147|111, 112, 113|Job 4:1-6,12-21|Rev. 4:1-11|Mark 6:1-6a
pentecost|16|2|monday|Monday|1, 2, 3|4, 7|Job 4:1,5:1-11,17-21,26-27|Acts 9:19b-31|John 6:52-59
pentecost|16|2|tuesday|Tuesday|5, 6|10, 11|Job 6:1-4,8-15,21|Acts 9:32-43|John 6:60-71
pentecost|16|2|wednesday|Wednesday|119:1-24|12, 13, 14|Job 6:1,7:1-21|Acts 10:1-16|John 7:1-13
pentecost|16|2|thursday|Thursday|18:1-20|18:21-50|Job 6:1,7:1-21|Acts 10:17-33|John 7:14-36
pentecost|16|2|friday|Friday|16, 17|22|Job 9:1-15,32-35|Acts 10:34-48|John 7:37-52
pentecost|16|2|saturday|Saturday|20, 21:1-7(8-14)|110:1-5(6-7), 116, 117|Job 9:1,10:1-9,16-22|Acts 11:1-18|John 8:12-20
#| 982 Daily Office Year One
#| Proper 17 Week of the Sunday closest to August 31
pentecost|17|1|sunday|Sunday|148, 149, 150|114, 115|1|Kings 8:22-30(31-40) 1|Tim. 4:7b-16|John 8:47-59
pentecost|17|1|monday|Monday|25|9, 15|2|Chron. 6:32—7:7|James 2:1-13|Mark 14:53-65
pentecost|17|1|tuesday|Tuesday|26, 28|36, 39|1|Kings 8:65—9:9|James 2:14-26|Mark 14:66-72
pentecost|17|1|wednesday|Wednesday|38|119:25-48|1|Kings 9:24—10:13|James 3:1-12|Mark 15:1-11
pentecost|17|1|thursday|Thursday|37:1-18|37:19-42|1|Kings 11:1-13|James 3:13—4:12|Mark 15:12-21
pentecost|17|1|friday|Friday|31|35|1|Kings 11:26-43|James 4:13—5:6|Mark 15:22-32
pentecost|17|1|saturday|Saturday|30, 32|42, 43|1|Kings 12:1-20|James 5:7-12,19-20|Mark 15:33-39
#| Proper 18 Week of the Sunday closest to September 7
pentecost|18|1|sunday|Sunday|63:1-8(9-11), 98|103|1|Kings 12:21-33|Acts 4:18-31|John 10:31-42
pentecost|18|1|monday|Monday|41, 52|44|1|Kings 13:1-10|Phil. 1:1-11|Mark 15:40-47
pentecost|18|1|tuesday|Tuesday|45|47, 48|1|Kings 16:23-34|Phil. 1:12-30|Mark 16:1-8(9-20)
pentecost|18|1|wednesday|Wednesday|119:49-72|49,[53]|1|Kings 17:1-24|Phil. 2:1-11|Matt. 2:1-12
pentecost|18|1|thursday|Thursday|50|[59,60] or 93, 96|1|Kings 18:1-19|Phil. 2:12-30|Matt. 2:13-23
pentecost|18|1|friday|Friday|40,54|51|1|Kings 18:20-40|Phil. 3:1-16|Matt. 3:1-12
pentecost|18|1|saturday|Saturday|55|138,139:1-17(18-23)|1|Kings 18:41—19:8|Phil. 3:17—4:7|Matt. 3:13-17
#| Daily Office Year|Two 983
#| Proper 17 Week of the Sunday closest to August 31
pentecost|17|2|sunday|Sunday|148, 149, 150|114, 115|Job 11:1-9,13-20|Rev. 5:1-14|Matt. 5:1-12
pentecost|17|2|monday|Monday|25|9, 15|Job 12:1-6,13-25|Acts 11:19-30|John 8:21-32
pentecost|17|2|tuesday|Tuesday|26, 28|36, 39|Job 12:1,13:3-17,21-27|Acts 12:1-17|John 8:33-47
pentecost|17|2|wednesday|Wednesday|38|119:25-48|Job 12:1,14:1-22|Acts 12:18-25|John 8:47-59
pentecost|17|2|thursday|Thursday|37:1-18|37:19-42|Job 16:16-22,17:1,13-16|Acts 13:1-12|John 9:1-17
pentecost|17|2|friday|Friday|31|35|Job 19:1-7,14-27|Acts 13:13-25|John 9:18-41
pentecost|17|2|saturday|Saturday|30, 32|42, 43|Job 22:1-4,21—23:7|Acts 13:26-43|John 10:1-18
#| Proper 18 Week of the Sunday closest to September 7
pentecost|18|2|sunday|Sunday|63:1-8(9-11), 98|103|Job 25:1-6,27:1-6|Rev. 14:1-7,13|Matt. 5:13-20
pentecost|18|2|monday|Monday|41, 52|44|Job 32:1-10,19—33:1,19-28|Acts 13:44-52|John 10:19-30
pentecost|18|2|tuesday|Tuesday|45|47, 48|Job 29:1-20|Acts 14:1-18|John 10:31-42
pentecost|18|2|wednesday|Wednesday|119:49-72|49,[53]|Job 29:1,30:1-2,16-31|Acts 14:19-28|John 11:1-16
pentecost|18|2|thursday|Thursday|50|[59,60] or 93, 96|Job 29:1,31:1-23|Acts 15:1-11|John 11:17-29
pentecost|18|2|friday|Friday|40,54|51|Job 29:1,31:24-40|Acts 15:12-21|John 11:30-44
pentecost|18|2|saturday|Saturday|55|138,139:1-17(18-23)|Job 38:1-17|Acts 15:22-35|John 11:45-54
#| 984 Daily Office Year One
#| Proper 19 Week of the Sunday closest to September 14
pentecost|19|1|sunday|Sunday|24, 29|8, 84|1|Kings 19:8-21|Acts 5:34-42|John 11:45-47
pentecost|19|1|monday|Monday|56, 57, [58]|64, 65|1|Kings 21:1-16|1 Cor. 1:1-19|Matt. 4:1-11
pentecost|19|1|tuesday|Tuesday|61, 62|68:1-20(21-23)24-36|1|Kings 21:17-29|1 Cor. 1:20-31|Matt. 4:12-17
pentecost|19|1|wednesday|Wednesday|72|119:73-96|1|Kings 22:1-28|1 Cor. 2:1-13|Matt. 4:18-25
pentecost|19|1|thursday|Thursday|[70], 71|74|1|Kings 22:29-45|1 Cor. 2:14—3:15|Matt. 5:1-10
pentecost|19|1|friday|Friday|69:1-23(24-30)31-38|73|2|Kings 1:2-17|1 Cor. 3:16-23|Matt. 5:11-16
pentecost|19|1|saturday|Saturday|75, 76|23, 27|2|Kings 2:1-18|1 Cor. 4:1-7|Matt. 5:17-20
#| Proper 20 Week of the Sunday closest to September 21
pentecost|20|1|sunday|Sunday|93, 96|34|2|Kings 4:8-37|Acts 9:10-31|Luke 3:7-18
pentecost|20|1|monday|Monday|80|77, [79]|2|Kings 5:1-19|1 Cor. 4:8-21|Matt. 5:21-26
pentecost|20|1|tuesday|Tuesday|78:1-39|78:40-72|2|Kings 5:19-27|1 Cor. 5:1-8|Matt. 5:27-37
pentecost|20|1|wednesday|Wednesday|119:97-120|81, 82|2|Kings 6:1-23|1 Cor. 5:9—6:8|Matt. 5:38-48
pentecost|20|1|thursday|Thursday|[83] or 146, 147|85, 86|2|Kings 9:1-16|1 Cor. 6:12-20|Matt. 6:1-6,16-18
pentecost|20|1|friday|Friday|88|91, 92|2|Kings 9:17-37|1 Cor. 7:1-9|Matt. 6:7-15
pentecost|20|1|saturday|Saturday|87, 90|136|2|Kings 11:1-20a 1|Cor. 7:10-24|Matt. 6:19-24
#| Daily Office Year Two 985
#| Proper 19 Week of the Sunday closest to September 14
pentecost|19|2|sunday|Sunday|24, 29|8, 84|Job 38:1,18-41|Rev. 18:1-8|Matt. 5:21-26
pentecost|19|2|monday|Monday|56, 57, [58]|64, 65|Job 40:1-24|Acts 15:36—16:5|John 11:55—12:8
pentecost|19|2|tuesday|Tuesday|61, 62|68:1-20(21-23)24-36|Job 40:1,41:1-11|Acts 16:6-15|John 12:9-19
pentecost|19|2|wednesday|Wednesday|72|119:73-96|Job 42:1-17|Acts 16:16-24|John 12:20-26
pentecost|19|2|thursday|Thursday|[70], 71|74|Job 28:1-28|Acts 16:25-40|John 12:27-36a
pentecost|19|2|friday|Friday|69:1-23(24-30)31-38|73|Esther 1:1-4,10-19*|Acts 17:1-15|John 12:36b-43
pentecost|19|2|saturday|Saturday|75, 76|23, 27|Esther 2:5-8,15-23*|Acts 17:16-34|John 12:44-50
#| Proper 20 Week of the Sunday closest to September 21
pentecost|20|2|sunday|Sunday|93, 96|34|Esther 3:1—4:3*|James 1:19-27|Matt. 6:1-6,16-18
pentecost|20|2|monday|Monday|80|77, [79]|Esther 4:4-17*|Acts 18:1-11|Luke (1:1-4),3:1-14
pentecost|20|2|tuesday|Tuesday|78:1-39|78:40-72|Esther 5:1-14*|Acts 18:12-28|Luke 3:15-22
pentecost|20|2|wednesday|Wednesday|119:97-120|81, 82|Esther 6:1-14*|Acts 19:1-10|Luke 4:1-13
pentecost|20|2|thursday|Thursday|[83] or 146, 147|85, 86|Esther 7:1-10*|Acts 19:11-20|Luke 4:14-30
pentecost|20|2|friday|Friday|88|91, 92|Esther 8:1-8,15-17*|Acts 19:21-41|Luke 4:31-37
pentecost|20|2|saturday|Saturday|87, 90|136|Hosea 1:1—2:1|Acts 20:1-16|Luke 4:38-44
#| * In place of Esther may be read Judith:
#| F 4:1-15|Su 5:22–6:4, 10-21|Tu 8:9-17; 9:1,7-10 Th 12:1-20
#| Sa 5:1-21|M 7:1-7, 19-32|W 10:1-23 F 13:1-20
#| 986 Daily Office Year One
#| Proper 21 Week of the Sunday closest to September 28
pentecost|21|1|sunday|Sunday|66, 67|19, 46|2|Kings 17:1-18|Acts 9:36-43|Luke 5:1-11
pentecost|21|1|monday|Monday|89:1-18|89:19-52|2|Kings 17:24-41|1 Cor. 7:25-31|Matt. 6:25-34
pentecost|21|1|tuesday|Tuesday|97, 99, [100]|94, [95]|2|Chron. 29:1-3; 30:1(2-9)10-27|1 Cor. 7:32-40|Matt. 7:1-12
pentecost|21|1|wednesday|Wednesday|101, 109:1-4(5-19)20-30|119:121-144|2|Kings 18:9-25|1 Cor. 8:1-13|Matt. 7:13-21
pentecost|21|1|thursday|Thursday|105:1-22|105:23-45|2|Kings 18:28-37|1 Cor. 9:1-15|Matt. 7:22-29
pentecost|21|1|friday|Friday|102|107:1-32|2|Kings 19:1-20|1 Cor. 9:16-27|Matt. 8:1-17
pentecost|21|1|saturday|Saturday|107:33-43, 108:1-6(7-13)|33|2|Kings 19:21-36|1 Cor. 10:1-13|Matt:8:18-27
#| Proper 22 Week of the Sunday closest to October 5
pentecost|22|1|sunday|Sunday|118|145|2|Kings 20:1-21|Acts 12:1-17|Luke 7:11-17
pentecost|22|1|monday|Monday|106:1-18|106:19-48|2|Kings 21:1-18|1 Cor. 10:14—11:1|Matt. 8:28-34
pentecost|22|1|tuesday|Tuesday|[120], 121, 122, 123|124, 125, 126, [127]|2|Kings 22:1-13|1 Cor. 11:2,17-22|Matt. 9:1-8
pentecost|22|1|wednesday|Wednesday|119:145-176|128, 129, 130|2|Kings 22:14—23:3|1 Cor. 11:23-34|Matt. 9:9-17
pentecost|22|1|thursday|Thursday|131, 132, [133]|134, 135|2|Kings 23:4-25|1 Cor. 12:1-11|Matt. 9:18-26
pentecost|22|1|friday|Friday|140, 142|141, 143:1-11(12)|2|Kings 23:36—24:17|1 Cor. 12:12-26|Matt. 9:27-34
pentecost|22|1|saturday|Saturday|137:1-6(7-9), 144|104|Jer. 35:1-19|1 Cor. 12:27—13:3|Matt. 9:35—10:4
#| Daily Office Year Two 987
#| Proper 21 Week of the Sunday closest to September 28
pentecost|21|2|sunday|Sunday|66, 67|19, 46|Hosea 2:2-14|James 3:1-13|Matt. 13:44-52
pentecost|21|2|monday|Monday|89:1-18|89:19-52|Hosea 2:14-23|Acts 20:17-38|Luke 5:1-11
pentecost|21|2|tuesday|Tuesday|97, 99, [100]|94, [95]|Hosea 4:1-10|Acts 21:1-14|Luke 5:12-26
pentecost|21|2|wednesday|Wednesday|101, 109:1-4(5-19)20-30|119:121-144|Hosea 4:11-19|Acts 21:15-26|Luke 5:27-39
pentecost|21|2|thursday|Thursday|105:1-22|105:23-45|Hosea 5:8—6:6|Acts 21:27-36|Luke 6:1-11
pentecost|21|2|friday|Friday|102|107:1-32|Hosea 10:1-15|Acts 21:37—22:16|Luke 6:12-26
pentecost|21|2|saturday|Saturday|107:33-43, 108:1-6(7-13)|33|Hosea 11:1-9|Acts 22:17-29|Luke 6:27-38
#| Proper 22 Week of the Sunday closest to October 5
pentecost|22|2|sunday|Sunday|118|145|Hosea 13:4-14|1 Cor. 2:6-16|Matt. 14:1-12
pentecost|22|2|monday|Monday|106:1-18|106:19-48|Hosea 14:1-9|Acts 22:30—23:11|Luke 6:39-49
pentecost|22|2|tuesday|Tuesday|[120], 121, 122, 123|124, 125, 126, [127]|Micah 1:1-9|Acts 23:12-24|Luke 7:1-17
pentecost|22|2|wednesday|Wednesday|119:145-176|128, 129, 130|Micah 2:1-13|Acts 23:23-35|Luke 7:18-35
pentecost|22|2|thursday|Thursday|131, 132, [133]|134, 135|Micah 3:1-8|Acts 24:1-23|Luke 7:36-50
pentecost|22|2|friday|Friday|140, 142|141, 143:1-11(12)|Micah 3:9—4:5|Acts 24:24—25:12|Luke 8:1-15
pentecost|22|2|saturday|Saturday|137:1-6(7-9), 144|104|Micah 5:1-4,10-15|Acts 25:13-27|Luke 8:16-25
#| 988 Daily Office Year One
#| Proper 23 Week of the Sunday closest to October 12
pentecost|23|1|sunday|Sunday|146, 147|111, 112, 113|Jer. 36:1-10|Acts 14:8-18|Luke 7:36-50
pentecost|23|1|monday|Monday|1, 2, 3|4, 7|Jer. 36:11-26|1 Cor. 13:(1-3)4-13|Matt. 10:5-15
pentecost|23|1|tuesday|Tuesday|5, 6|10, 11|Jer. 36:27—37:2|1 Cor. 14:1-12|Matt. 10:16-23
pentecost|23|1|wednesday|Wednesday|119:1-24|12, 13, 14|Jer. 37:3-21|1 Cor. 14:13-25|Matt. 10:24-33
pentecost|23|1|thursday|Thursday|18:1-20|18:21-50|Jer. 38:1-13|1 Cor. 14:26-33a, 37-40|Matt. 10:34-42
pentecost|23|1|friday|Friday|16, 17|22|Jer. 38:14-28|1 Cor. 15:1-11|Matt. 11:1-6
pentecost|23|1|saturday|Saturday|20, 21:1-7(8-14)|110:1-5(6-7), 116, 117|2|Kings 25:8-12, 22-26|1 Cor. 15:12-29|Matt. 11:7-15
#| Proper 24 Week of the Sunday closest to October 19
pentecost|24|1|sunday|Sunday|148, 149, 150|114, 115|Jer. 29:1,4-14|Acts 16:6-15|Luke 10:1-12,17-20
pentecost|24|1|monday|Monday|25|9, 15|Jer. 44:1-14|1 Cor. 15:30-41|Matt. 11:16-24
pentecost|24|1|tuesday|Tuesday|26, 28|36, 39|Lam. 1:1-5(6-9)10-12|1 Cor. 15:41-50|Matt. 11:25-30
pentecost|24|1|wednesday|Wednesday|38|119:25-48|Lam. 2:8-15|1 Cor. 15:51-58|Matt. 12:1-14
pentecost|24|1|thursday|Thursday|37:1-18|37:19-42|Ezra 1:1-11|1 Cor. 16:1-9|Matt. 12:15-21
pentecost|24|1|friday|Friday|31|35|Ezra 3:1-13|1 Cor. 16:10-24|Matt. 12:22-32
pentecost|24|1|saturday|Saturday|30, 32|42, 43|Ezra 4:7,11-24|Philemon 1-25|Matt. 12:33-42
#| Daily Office Year Two 989
#| Proper 23 Week of the Sunday closest to October 12
pentecost|23|2|sunday|Sunday|146, 147|111, 112, 113|Micah 6:1-8|1 Cor. 4:9-16|Matt. 15:21-28
pentecost|23|2|monday|Monday|1, 2, 3|4, 7|Micah 7:1-7|Acts 26:1-23|Luke 8:26-39
pentecost|23|2|tuesday|Tuesday|5, 6|10, 11|Jonah 1:1-17a|Acts 26:24—27:8|Luke 8:40-56
pentecost|23|2|wednesday|Wednesday|119:1-24|12, 13, 14|Jonah 1:17—2:10|Acts 27:9-26|Luke 9:1-17
pentecost|23|2|thursday|Thursday|18:1-20|18:21-50|Jonah 3:1—4:11|Acts 27:27-44|Luke 9:18-27
pentecost|23|2|friday|Friday|16, 17|22|Ecclus. 1:1-10,18-27|Acts 28:1-16|Luke 9:28-36
pentecost|23|2|saturday|Saturday|20, 21:1-7(8-14)|110:1-5(6-7), 116, 117|Ecclus. 3:17-31|Acts 28:17-31|Luke 9:37-50
#| Proper 24 Week of the Sunday closest to October 19
pentecost|24|2|sunday|Sunday|148, 149, 150|114, 115|Ecclus. 4:1-10|1 Cor. 10:1-13|Matt. 16:13-20
pentecost|24|2|monday|Monday|25|9, 15|Ecclus. 4:20—5:7|Rev. 7:1-8|Luke 9:51-62
pentecost|24|2|tuesday|Tuesday|26, 28|36, 39|Ecclus. 6:5-17|Rev. 7:9-17|Luke 10:1-16
pentecost|24|2|wednesday|Wednesday|38|119:25-48|Ecclus. 7:4-14|Rev. 8:1-13|Luke 10:17-24
pentecost|24|2|thursday|Thursday|37:1-18|37:19-42|Ecclus. 10:1-18|Rev. 9:1-12|Luke 10:25-37
pentecost|24|2|friday|Friday|31|35|Ecclus. 11:2-20|Rev. 9:13-21|Luke 10:38-42
pentecost|24|2|saturday|Saturday|30, 32|42, 43|Ecclus. 15:9-20|Rev. 10:1-11|Luke 11:1-13
#| 990 Daily Office Year One
#| Proper 25 Week of the Sunday closest to October 26
pentecost|25|1|sunday|Sunday|63:1-8(9-11),98|103|Haggai 1:1—2:9|Acts 18:24—19:7|Luke 10:25-37
pentecost|25|1|monday|Monday|41,52|44|Zech. 1:7-17|Rev. 1:4-20|Matt. 12:43-50
pentecost|25|1|tuesday|Tuesday|45|47,48|Ezra 5:1-17|Rev. 4:1-11|Matt. 13:1-9
pentecost|25|1|wednesday|Wednesday|119:49-72|49,[53]|Ezra 6:1-22|Rev. 5:1-10|Matt. 13:10-17
pentecost|25|1|thursday|Thursday|50|[59,60] or 33|Neh. 1-1:11|Rev. 5:11—6:11|Matt. 13:18-23
pentecost|25|1|friday|Friday|40,54|51|Neh. 2:1-20|Rev. 6:12—7:4|Matt. 13:24-30
pentecost|25|1|saturday|Saturday|55|138,139:1-17(18-23)|Neh. 4:1-23|Rev. 7:(4-8)9-17|Matt. 13:31-35
#| Proper 26 Week of the Sunday closest to November 2
pentecost|26|1|sunday|Sunday|24, 29|8, 84|Neh. 5:1-19|Acts 20:7-12|Luke 12:22-31
pentecost|26|1|monday|Monday|56, 57, [58]|64, 65|Neh. 6:1-19|Rev. 10:1-11|Matt. 13:36-43
pentecost|26|1|tuesday|Tuesday|61, 62|68:1-20(21-23)24-36|Neh. 12:27-31a,42b-47|Rev. 11:1-19|Matt. 13:44-52
pentecost|26|1|wednesday|Wednesday|72|119:73-96|Neh. 13:4-22|Rev. 12:1-12|Matt. 13:53-58
pentecost|26|1|thursday|Thursday|[70], 71|74|Ezra 7:(1-10)11-26|Rev. 14:1-13|Matt. 14:1-12
pentecost|26|1|friday|Friday|69:1-23(24-30)31-38|73|Ezra 7:27-28, 8:21-36|Rev. 15:1-8|Matt. 14:13-21
pentecost|26|1|saturday|Saturday|75, 76|23, 27|Ezra 9:1-15|Rev. 17:1-14|Matt. 14:22-36
#| Daily Office Year Two 991
#| Proper 25 Week of the Sunday closest to October 26
pentecost|25|2|sunday|Sunday|63:1-8(9-11),98|103|Ecclus. 18:19-33|1 Cor. 10:15-24|Matt. 18:15-20
pentecost|25|2|monday|Monday|41,52|44|Ecclus. 19:4-17|Rev. 11:1-14|Luke 11:14-26
pentecost|25|2|tuesday|Tuesday|45|47,48|Ecclus. 24:1-12|Rev. 11:14-19|Luke 11:27-36
pentecost|25|2|wednesday|Wednesday|119:49-72|49,[53]|Ecclus. 28:14-26|Rev. 12:1-6|Luke 11:37-52
pentecost|25|2|thursday|Thursday|50|[59,60] or 33|Ecclus. 31:12-18,25—32:2|Rev. 12:7-17|Luke 11:53—12:12
pentecost|25|2|friday|Friday|40,54|51|Ecclus. 34:1-8,18-22|Rev. 13:1-10|Luke 12:13-31
pentecost|25|2|saturday|Saturday|55|138,139:1-17(18-23)|Ecclus. 35:1-17|Rev. 13:11-18|Luke 12:32-48
#| Proper 26 Week of the Sunday closest to November 2
pentecost|26|2|sunday|Sunday|24, 29|8, 84|Ecclus. 36:1-17|1 Cor. 12:27—13:13|Matt. 18:21-35
pentecost|26|2|monday|Monday|56, 57, [58]|64, 65|Ecclus. 38:24-34|Rev. 14:1-13|Luke 12:49-59
pentecost|26|2|tuesday|Tuesday|61, 62|68:1-20(21-23)24-36|Ecclus. 43:1-22|Rev. 14:14—15:8|Luke 13:1-9
pentecost|26|2|wednesday|Wednesday|72|119:73-96|Ecclus. 43:23-33|Rev. 16:1-11|Luke 13:10-17
pentecost|26|2|thursday|Thursday|[70], 71|74|Ecclus. 44:1-15|Rev. 16:12-21|Luke 14:18-30
pentecost|26|2|friday|Friday|69:1-23(24-30)31-38|73|Ecclus. 50:1,11-24|Rev. 17:1-18|Luke 13:31-35
pentecost|26|2|saturday|Saturday|75, 76|23, 27|Ecclus. 51:1-12|Rev. 18:1-14|Luke 14:1-11
#| 992 Daily Office Year One
#| Proper 27 Week of the Sunday closest to November 9
pentecost|27|1|sunday|Sunday|93, 96|34|Ezra 10:1-17|Acts 24:10-21|Luke 14:12-24
pentecost|27|1|monday|Monday|80|77, [79]|Neh. 9:1-15(16-25)|Rev. 18:1-8|Matt. 15:1-20
pentecost|27|1|tuesday|Tuesday|78:1-39|78:40-72|Neh. 9:26-38|Rev. 18:9-20|Matt. 15:21-28
pentecost|27|1|wednesday|Wednesday|119:97-120|81, 82|Neh. 7:73b—8:3,5-18|Rev. 18:21-24|Matt. 15:29-39
pentecost|27|1|thursday|Thursday|[83] or 23,27|85, 86|1|Macc. 1:1-28|Rev. 19:1-10|Matt. 16:1-12
pentecost|27|1|friday|Friday|88|91, 92|1|Macc. 1:41-63|Rev. 19:11-16|Matt. 16:13-20
pentecost|27|1|saturday|Saturday|87, 90|136|1|Macc. 2:1-28|Rev. 20:1-6|Matt. 16:21-28
#| Proper 28 Week of the Sunday closest to November 16
pentecost|28|1|sunday|Sunday|66, 67|19, 46|1|Macc. 2:29-43,49-50|Acts 28:14b-23|Luke 16:1-13
pentecost|28|1|monday|Monday|89:1-18|89:19-52|1|Macc. 3:1-24|Rev. 20:7-15|Matt. 17:1-13
pentecost|28|1|tuesday|Tuesday|97, 99, [100]|94, [95]|1|Macc. 3:25-41|Rev. 21:1-8|Matt. 17:14-21
pentecost|28|1|wednesday|Wednesday|101, 109:1-4(5-19)20-30|119:121-144|1|Macc. 3:42-60|Rev. 21:9-21|Matt. 17:22-27
pentecost|28|1|thursday|Thursday|105:1-22|105:23-45|1|Macc. 4:1-25|Rev. 21:22—22:5|Matt. 18:1-9
pentecost|28|1|friday|Friday|102|107:1-32|1|Macc. 4:36-59|Rev. 22:6-13|Matt. 18:10-20
pentecost|28|1|saturday|Saturday|107:33-43, 108:1-6(7-13)|33|Isa. 65:17-25|Rev. 22:14-21|Matt. 18:21-35
#| Daily Office Year Two 993
#| Proper 27|Week of the Sunday closest to|November 9
pentecost|27|2|sunday|Sunday|93, 96|34|Ecclus. 51:13-22|1 Cor. 14:1-12|Matt. 20:1-16
pentecost|27|2|monday|Monday|80|77, [79]|Joel 1:1-13|Rev. 18:15-24|Luke 14:12-24
pentecost|27|2|tuesday|Tuesday|78:1-39|78:40-72|Joel 1:15—2:2(3-11)|Rev. 19:1-10|Luke 14:25-35
pentecost|27|2|wednesday|Wednesday|119:97-120|81, 82|Joel 2:12-19|Rev. 19:11-21|Luke 15:1-10
pentecost|27|2|thursday|Thursday|[83] or 23,27|85, 86|Joel 2:21-27|James 1:1-15|Luke 15:1-2,11-32
pentecost|27|2|friday|Friday|88|91, 92|Joel 2:28—3:8|James 1:16-27|Luke 16:1-9
pentecost|27|2|saturday|Saturday|87, 90|136|Joel 3:9-17|James 2:1-13|Luke 16:10-17(18)
#| Proper 28 Week of the Sunday closest to November 16
pentecost|28|2|sunday|Sunday|66, 67|19, 46|Hab. 1:1-4(5-11)12—2:1|Phil. 3:13—4:1|Matt. 23:13-24
pentecost|28|2|monday|Monday|89:1-18|89:19-52|Hab. 2:1-4,9-20|James 2:14-26|Luke 16:19-31
pentecost|28|2|tuesday|Tuesday|97, 99, [100]|94, [95]|Hab. 3:1-10(11-15)16-18|James 3:1-12|Luke 17:1-10
pentecost|28|2|wednesday|Wednesday|101, 109:1-4(5-19)20-30|119:121-144|Mal. 1:1,6-14|James 3:13—4:12|Luke 17:11-19
pentecost|28|2|thursday|Thursday|105:1-22|105:23-45|Mal. 2:1-16|James 4:13—5:6|Luke 17:20-37
pentecost|28|2|friday|Friday|102|107:1-32|Mal. 3:1-12|James 5:7-12|Luke 18:1-8
pentecost|28|2|saturday|Saturday|107:33-43, 108:1-6(7-13)|33|Mal. 3:13—4:6|James 5:13-20|Luke 18:9-14
#| 994 Daily Office Year One
#| Proper 29 Week of the Sunday closest to November 23
pentecost|29|1|sunday|Sunday|118|145|Isa. 19:19-25|Rom. 15:5-13|Luke 19:11-27
pentecost|29|1|monday|Monday|106:1-18|106:19-48|Joel 3:1-2,9-17|1 Pet. 1:1-12|Matt. 19:1-12
pentecost|29|1|tuesday|Tuesday|[120], 121, 122, 123|124, 125, 126, [127]|Nahum 1:1-13|1 Pet. 1:13-25|Matt. 19:13-22
pentecost|29|1|wednesday|Wednesday|119:145-176|128, 129, 130|Obadiah 15-21|1 Pet. 2:1-10|Matt. 19:23-30
pentecost|29|1|thursday|Thursday|131, 132, [133]|134, 135|Zeph. 3:1-13|1 Pet. 2:11-25|Matt. 20:1-16
pentecost|29|1|friday|Friday|140, 142|141, 143:1-11(12)|Isa. 24:14-23|1 Pet. 3:13—4:6|Matt. 20:17-28
pentecost|29|1|saturday|Saturday|137:1-6(7-9), 144|104|Micah 7:11-20|1 Pet. 4:7-19|Matt. 20:29-34
#| Daily Office Year Two 995
#| Proper 29 Week of the Sunday closest to November 23
pentecost|29|2|sunday|Sunday|118|145|Zech. 9:9-16|1 Pet. 3:13-22|Matt. 21:1-13
pentecost|29|2|monday|Monday|106:1-18|106:19-48|Zech. 10:1-12|Gal. 6:1-10|Luke 18:15-30
pentecost|29|2|tuesday|Tuesday|[120], 121, 122, 123|124, 125, 126, [127]|Zech. 11:4-17|1 Cor. 3:10-23|Luke 18:31-43
pentecost|29|2|wednesday|Wednesday|119:145-176|128, 129, 130|Zech. 12:1-10|Eph. 1:3-14|Luke 19:1-10
pentecost|29|2|thursday|Thursday|131, 132, [133]|134, 135|Zech. 13:1-9|Eph. 1:15-23|Luke 19:11-27
pentecost|29|2|friday|Friday|140, 142|141, 143:1-11(12)|Zech. 14:1-11|Rom. 15:7-13|Luke 19:28-40
pentecost|29|2|saturday|Saturday|137:1-6(7-9), 144|104|Zech. 14:12-21|Phil. 2:1-11|Luke 19:41-48